시,주소,규모,층,임대료
서울,광화문,소규모,1층,82.5
서울,광화문,소규모,2층,42.3
서울,남대문,소규모,1층,63.9
서울,남대문,소규모,2층,24.1
서울,동대문,소규모,지하1층,8.5
서울,동대문,소규모,1층,47.8
서울,동대문,소규모,2층,21.9
서울,명동,소규모,지하1층,40
서울,명동,소규모,1층,138.2
서울,명동,소규모,2층,50.9
서울,시청,소규모,1층,84.6
서울,시청,소규모,2층,51.4
서울,을지로,소규모,지하1층,7.5
서울,을지로,소규모,1층,55.6
서울,을지로,소규모,2층,24
서울,종로,소규모,1층,67.5
서울,종로,소규모,2층,32.2
서울,충무로,소규모,지하1층,9.7
서울,충무로,소규모,1층,53.1
서울,충무로,소규모,2층,24.2
서울,강남대로,소규모,지하1층,20.7
서울,강남대로,소규모,1층,85.5
서울,강남대로,소규모,2층,44.6
서울,교대역,소규모,지하1층,16.8
서울,교대역,소규모,1층,40.9
서울,교대역,소규모,2층,31.4
서울,남부터미널,소규모,지하1층,10.5
서울,남부터미널,소규모,1층,38.5
서울,남부터미널,소규모,2층,17.8
서울,논현역,소규모,지하1층,22.4
서울,논현역,소규모,1층,65
서울,논현역,소규모,2층,35.7
서울,도산대로,소규모,지하1층,16.8
서울,도산대로,소규모,1층,45.4
서울,도산대로,소규모,2층,23.4
서울,신사역,소규모,지하1층,34.8
서울,신사역,소규모,1층,70.8
서울,신사역,소규모,2층,33.8
서울,압구정,소규모,지하1층,21.7
서울,압구정,소규모,1층,48.2
서울,압구정,소규모,2층,32.1
서울,청담,소규모,지하1층,54.1
서울,청담,소규모,1층,62.2
서울,청담,소규모,2층,25.9
서울,테헤란로,소규모,지하1층,31.1
서울,테헤란로,소규모,1층,69.2
서울,테헤란로,소규모,2층,38.5
서울,공덕역,소규모,지하1층,24.2
서울,공덕역,소규모,1층,60.2
서울,공덕역,소규모,2층,35
서울,당산역,소규모,지하1층,10
서울,당산역,소규모,1층,36.8
서울,당산역,소규모,2층,22.4
서울,동교/연남,소규모,지하1층,45.4
서울,동교/연남,소규모,1층,49.9
서울,동교/연남,소규모,2층,30.8
서울,망원역,소규모,지하1층,31.1
서울,망원역,소규모,1층,40.5
서울,망원역,소규모,2층,31.4
서울,신촌/이대,소규모,지하1층,42.4
서울,신촌/이대,소규모,1층,45.2
서울,신촌/이대,소규모,2층,19.8
서울,영등포역,소규모,지하1층,6.2
서울,영등포역,소규모,1층,34
서울,영등포역,소규모,2층,20.7
서울,홍대/합정,소규모,지하1층,45.3
서울,홍대/합정,소규모,1층,52.5
서울,홍대/합정,소규모,2층,33
서울,가락시장,소규모,지하1층,9.2
서울,가락시장,소규모,1층,30.8
서울,가락시장,소규모,2층,13.6
서울,건대입구,소규모,지하1층,15.9
서울,건대입구,소규모,1층,46.4
서울,건대입구,소규모,2층,24.5
서울,경희대,소규모,지하1층,18.4
서울,경희대,소규모,1층,46.1
서울,경희대,소규모,2층,13
서울,군자,소규모,지하1층,16.1
서울,군자,소규모,1층,32
서울,군자,소규모,2층,17
서울,노량진,소규모,지하1층,11.3
서울,노량진,소규모,1층,26.4
서울,노량진,소규모,2층,14.7
서울,독산/시흥,소규모,1층,31.1
서울,독산/시흥,소규모,2층,13.2
서울,뚝섬,소규모,지하1층,23.2
서울,뚝섬,소규모,1층,49.3
서울,뚝섬,소규모,2층,24.2
서울,목동,소규모,지하1층,16.1
서울,목동,소규모,1층,34.8
서울,목동,소규모,2층,15.7
서울,미아사거리,소규모,지하1층,18.9
서울,미아사거리,소규모,1층,37.5
서울,미아사거리,소규모,2층,18.5
서울,불광역,소규모,지하1층,9.3
서울,불광역,소규모,1층,38.5
서울,불광역,소규모,2층,15.3
서울,사당,소규모,지하1층,16
서울,사당,소규모,1층,43.7
서울,사당,소규모,2층,20.1
서울,상계역,소규모,지하1층,10
서울,상계역,소규모,1층,26.1
서울,상계역,소규모,2층,9.8
서울,상봉역,소규모,1층,46.4
서울,상봉역,소규모,2층,13.2
서울,서울대입구역,소규모,지하1층,15.1
서울,서울대입구역,소규모,1층,60.2
서울,서울대입구역,소규모,2층,36.6
서울,성신여대,소규모,지하1층,10.4
서울,성신여대,소규모,1층,52.3
서울,성신여대,소규모,2층,23.3
서울,수유,소규모,지하1층,8.6
서울,수유,소규모,1층,36.6
서울,수유,소규모,2층,11.3
서울,숙명여대,소규모,지하1층,0
서울,숙명여대,소규모,1층,43.5
서울,숙명여대,소규모,2층,23
서울,신림역,소규모,지하1층,12.5
서울,신림역,소규모,1층,70.9
서울,신림역,소규모,2층,24.2
서울,연신내,소규모,지하1층,16.8
서울,연신내,소규모,1층,42.2
서울,연신내,소규모,2층,19.9
서울,오류동역,소규모,1층,47.1
서울,오류동역,소규모,2층,28.3
서울,왕십리,소규모,지하1층,21.1
서울,왕십리,소규모,1층,44.8
서울,왕십리,소규모,2층,19
서울,용산역,소규모,지하1층,10.5
서울,용산역,소규모,1층,33
서울,용산역,소규모,2층,17.2
서울,이태원,소규모,지하1층,43.4
서울,이태원,소규모,1층,59.6
서울,이태원,소규모,2층,47.1
서울,잠실/송파,소규모,지하1층,10.6
서울,잠실/송파,소규모,1층,34.2
서울,잠실/송파,소규모,2층,15.3
서울,잠실새내역,소규모,지하1층,13.3
서울,잠실새내역,소규모,1층,32.7
서울,잠실새내역,소규모,2층,13.8
서울,장안동,소규모,지하1층,9.4
서울,장안동,소규모,1층,34
서울,장안동,소규모,2층,15.6
서울,천호,소규모,1층,55.6
서울,천호,소규모,2층,24.3
서울,청량리,소규모,1층,40.6
서울,청량리,소규모,2층,26.8
서울,혜화동,소규모,지하1층,19.3
서울,혜화동,소규모,1층,50.5
서울,혜화동,소규모,2층,30.8
서울,화곡,소규모,지하1층,5.2
서울,화곡,소규모,1층,28.5
서울,화곡,소규모,2층,13.4
부산,경성대/부경대,소규모,1층,32
부산,경성대/부경대,소규모,2층,16.8
부산,광안리,소규모,지하1층,7.1
부산,광안리,소규모,1층,25.1
부산,광안리,소규모,2층,12.6
부산,구서동/금정구청,소규모,지하1층,7.6
부산,구서동/금정구청,소규모,1층,33.5
부산,구서동/금정구청,소규모,2층,15.3
부산,남포동,소규모,1층,46.3
부산,남포동,소규모,2층,13.6
부산,남항동,소규모,지하1층,6.6
부산,남항동,소규모,1층,13.4
부산,남항동,소규모,2층,5.9
부산,덕천역,소규모,지하1층,6
부산,덕천역,소규모,1층,32.8
부산,덕천역,소규모,2층,13.3
부산,동래역,소규모,지하1층,3.2
부산,동래역,소규모,1층,28.3
부산,동래역,소규모,2층,14.3
부산,부산대학앞,소규모,지하1층,9.7
부산,부산대학앞,소규모,1층,34.1
부산,부산대학앞,소규모,2층,12.3
부산,부산역,소규모,1층,27.3
부산,부산역,소규모,2층,13.3
부산,부전시장,소규모,1층,38.3
부산,부전시장,소규모,2층,13.1
부산,사상역,소규모,지하1층,7.5
부산,사상역,소규모,1층,21.4
부산,사상역,소규모,2층,9.4
부산,사직야구장,소규모,1층,28.5
부산,사직야구장,소규모,2층,10.6
부산,서면/전포,소규모,1층,25.6
부산,서면/전포,소규모,2층,13.7
부산,송정해수욕장,소규모,1층,20.5
부산,송정해수욕장,소규모,2층,11.1
부산,수영역,소규모,1층,26.6
부산,수영역,소규모,2층,10
부산,연산로터리,소규모,1층,21.9
부산,연산로터리,소규모,2층,9.7
부산,온천장,소규모,지하1층,4.1
부산,온천장,소규모,1층,20
부산,온천장,소규모,2층,10.1
부산,하단역,소규모,지하1층,13.5
부산,하단역,소규모,1층,28
부산,하단역,소규모,2층,15.5
부산,해운대,소규모,1층,40.5
부산,해운대,소규모,2층,18.9
부산,현대백화점주변,소규모,1층,19.5
부산,현대백화점주변,소규모,2층,10.6
대구,경북대북문,소규모,1층,16.3
대구,경북대북문,소규모,2층,7.7
대구,동대구,소규모,1층,10.5
대구,동대구,소규모,2층,4.8
대구,동성로중심,소규모,1층,25.6
대구,동성로중심,소규모,2층,9.2
대구,들안길,소규모,지하1층,5.5
대구,들안길,소규모,1층,18.6
대구,들안길,소규모,2층,8.1
대구,삼덕/대봉,소규모,지하1층,7.5
대구,삼덕/대봉,소규모,1층,27.1
대구,삼덕/대봉,소규모,2층,10.6
대구,상인/월배,소규모,1층,28.5
대구,상인/월배,소규모,2층,15.8
대구,서문시장/청라언덕,소규모,1층,17.4
대구,서문시장/청라언덕,소규모,2층,6.2
대구,수성범어,소규모,지하1층,6.9
대구,수성범어,소규모,1층,24.8
대구,수성범어,소규모,2층,9.4
대구,시지지구,소규모,1층,21.3
대구,시지지구,소규모,2층,10.1
대구,월촌/안지랑,소규모,1층,16.3
대구,월촌/안지랑,소규모,2층,8.4
대구,죽전,소규모,1층,21
대구,죽전,소규모,2층,7.8
대구,칠곡,소규모,1층,27.8
대구,칠곡,소규모,2층,7.5
인천,간석오거리,소규모,지하1층,7
인천,간석오거리,소규모,1층,19
인천,간석오거리,소규모,2층,10.8
인천,계양계산,소규모,지하1층,7.4
인천,계양계산,소규모,1층,25.6
인천,계양계산,소규모,2층,10.7
인천,구월,소규모,지하1층,8.1
인천,구월,소규모,1층,18
인천,구월,소규모,2층,10.7
인천,부평,소규모,지하1층,5.6
인천,부평,소규모,1층,36.5
인천,부평,소규모,2층,17.9
인천,석남/가정중앙시장,소규모,지하1층,4.9
인천,석남/가정중앙시장,소규모,1층,17.3
인천,석남/가정중앙시장,소규모,2층,5.8
인천,신포동,소규모,지하1층,6.4
인천,신포동,소규모,1층,18
인천,신포동,소규모,2층,8.6
인천,주안,소규모,지하1층,4
인천,주안,소규모,1층,18.2
인천,주안,소규모,2층,7
광주,금남로/충장로,소규모,1층,19.7
광주,금남로/충장로,소규모,2층,8.3
광주,금호지구,소규모,1층,27.9
광주,금호지구,소규모,2층,7.6
광주,봉선동,소규모,1층,11.4
광주,봉선동,소규모,2층,4.6
광주,상무지구,소규모,1층,16.2
광주,상무지구,소규모,2층,9.1
광주,송정동지구,소규모,1층,18.8
광주,송정동지구,소규모,2층,8.2
광주,양산지구,소규모,1층,14.4
광주,양산지구,소규모,2층,4.9
광주,용봉동,소규모,1층,13.1
광주,용봉동,소규모,2층,2.7
광주,월산동지구,소규모,1층,15.9
광주,월산동지구,소규모,2층,5.3
광주,전남대,소규모,지하1층,5.7
광주,전남대,소규모,1층,19.7
광주,전남대,소규모,2층,9.7
광주,첨단1지구,소규모,1층,15.9
대전,노은,소규모,1층,17.8
대전,노은,소규모,2층,13.7
대전,복합터미널,소규모,지하1층,3.1
대전,복합터미널,소규모,1층,11.4
대전,복합터미널,소규모,2층,6.8
대전,서대전네거리,소규모,지하1층,3.5
대전,서대전네거리,소규모,1층,19.1
대전,서대전네거리,소규모,2층,8.4
대전,용문/한민시장,소규모,지하1층,7.5
대전,용문/한민시장,소규모,1층,14.5
대전,용문/한민시장,소규모,2층,7.7
대전,원도심,소규모,지하1층,4.9
대전,원도심,소규모,1층,14.7
대전,원도심,소규모,2층,6.4
대전,유성온천역,소규모,지하1층,2
대전,유성온천역,소규모,1층,10.6
대전,유성온천역,소규모,2층,4
울산,삼산동,소규모,1층,13.9
울산,삼산동,소규모,2층,6.9
울산,성남옥교동,소규모,1층,13.1
울산,성남옥교동,소규모,2층,7
울산,신정동,소규모,지하1층,6.1
울산,신정동,소규모,1층,14.3
울산,신정동,소규모,2층,7.2
울산,울산농소,소규모,1층,17.6
울산,울산농소,소규모,2층,7.6
울산,울산대,소규모,1층,16.4
울산,울산대,소규모,2층,4.9
울산,전하동,소규모,1층,14.8
울산,전하동,소규모,2층,8.8
세종,조치원,소규모,지하1층,3.6
세종,조치원,소규모,1층,12.9
세종,조치원,소규모,2층,6.2
경기,고양시청,소규모,지하1층,8.4
경기,고양시청,소규모,1층,19.2
경기,고양시청,소규모,2층,11.3
경기,광명철산,소규모,지하1층,8.7
경기,광명철산,소규모,1층,38.3
경기,광명철산,소규모,2층,11.5
경기,광주시가지,소규모,지하1층,5.3
경기,광주시가지,소규모,1층,22.9
경기,광주시가지,소규모,2층,11.3
경기,구리역,소규모,지하1층,8.6
경기,구리역,소규모,1층,36.9
경기,구리역,소규모,2층,13.5
경기,기흥역,소규모,지하1층,3.9
경기,기흥역,소규모,1층,27.8
경기,기흥역,소규모,2층,5.2
경기,김량장동,소규모,1층,19.7
경기,김량장동,소규모,2층,13.5
경기,동두천중앙로,소규모,지하1층,7.8
경기,동두천중앙로,소규모,1층,13.6
경기,동두천중앙로,소규모,2층,6.1
경기,모란,소규모,1층,44.5
경기,모란,소규모,2층,19.9
경기,병점역,소규모,1층,24.8
경기,병점역,소규모,2층,9.4
경기,부천역,소규모,지하1층,10.5
경기,부천역,소규모,1층,25.5
경기,부천역,소규모,2층,10.3
경기,성남구시가지,소규모,1층,27.6
경기,성남구시가지,소규모,2층,10.7
경기,수원역,소규모,1층,56.5
경기,수원역,소규모,2층,37.9
경기,신장/지산/서정,소규모,지하1층,2.4
경기,신장/지산/서정,소규모,1층,16.5
경기,신장/지산/서정,소규모,2층,9.2
경기,신천역,소규모,1층,21.3
경기,신천역,소규모,2층,7.5
경기,안성시장,소규모,지하1층,5.2
경기,안성시장,소규모,1층,12.4
경기,안성시장,소규모,2층,5.8
경기,안양역,소규모,지하1층,9.6
경기,안양역,소규모,1층,38.6
경기,안양역,소규모,2층,18
경기,여주시청,소규모,1층,17.8
경기,여주시청,소규모,2층,8.2
경기,오산시청,소규모,1층,19.6
경기,오산시청,소규모,2층,9.7
경기,용인수지,소규모,1층,24.7
경기,용인수지,소규모,2층,9.5
경기,의정부역,소규모,지하1층,13.5
경기,의정부역,소규모,1층,34.8
경기,의정부역,소규모,2층,13.1
경기,이천종합터미널,소규모,지하1층,4
경기,이천종합터미널,소규모,1층,16
경기,이천종합터미널,소규모,2층,7
경기,인계동,소규모,지하1층,4.2
경기,인계동,소규모,1층,27.1
경기,인계동,소규모,2층,33.8
경기,인덕원,소규모,1층,25
경기,인덕원,소규모,2층,10.1
경기,탄현역,소규모,1층,19.8
경기,탄현역,소규모,2층,11.4
경기,파주시청,소규모,지하1층,4.1
경기,파주시청,소규모,1층,25.5
경기,파주시청,소규모,2층,13.9
경기,팔달문로터리,소규모,지하1층,5.2
경기,팔달문로터리,소규모,1층,27.1
경기,팔달문로터리,소규모,2층,10.1
경기,평택역,소규모,1층,21.8
경기,평택역,소규모,2층,10
경기,포천시외버스터미널,소규모,1층,14.4
경기,포천시외버스터미널,소규모,2층,9.8
경기,하남원도심,소규모,1층,35.7
경기,하남원도심,소규모,2층,16.1
강원,강릉교동,소규모,1층,17.2
강원,강릉교동,소규모,2층,5.9
강원,강릉중부,소규모,지하1층,2.4
강원,강릉중부,소규모,1층,10.8
강원,강릉중부,소규모,2층,5.6
강원,묵호항,소규모,1층,10.1
강원,묵호항,소규모,2층,5.4
강원,삼척중앙시장,소규모,지하1층,2.8
강원,삼척중앙시장,소규모,1층,10
강원,삼척중앙시장,소규모,2층,5.3
강원,속초중앙시장,소규모,지하1층,2.6
강원,속초중앙시장,소규모,1층,18.7
강원,속초중앙시장,소규모,2층,7.4
강원,영월경찰서,소규모,1층,10.6
강원,영월경찰서,소규모,2층,5.3
강원,원주중앙/일산,소규모,지하1층,2.1
강원,원주중앙/일산,소규모,1층,16.8
강원,원주중앙/일산,소규모,2층,5.8
강원,주문진항,소규모,1층,11.7
강원,주문진항,소규모,2층,4.2
강원,춘천명동,소규모,지하1층,2.4
강원,춘천명동,소규모,1층,14.8
강원,춘천명동,소규모,2층,7.8
강원,태백중앙시장,소규모,지하1층,1.3
강원,태백중앙시장,소규모,1층,10.9
강원,태백중앙시장,소규모,2층,5.8
충북,봉명사거리,소규모,1층,17.8
충북,봉명사거리,소규모,2층,5.4
충북,제천역,소규모,1층,6.6
충북,제천역,소규모,2층,4.2
충북,제천중앙,소규모,1층,12.5
충북,제천중앙,소규모,2층,6.5
충북,증평광장로,소규모,1층,12.8
충북,증평광장로,소규모,2층,6.9
충북,청주성안길,소규모,지하1층,2.7
충북,청주성안길,소규모,1층,19.9
충북,청주성안길,소규모,2층,8.6
충북,충북대학교,소규모,지하1층,2.3
충북,충북대학교,소규모,1층,14.8
충북,충북대학교,소규모,2층,8.3
충북,충주연수칠금,소규모,1층,11
충북,충주연수칠금,소규모,2층,7.5
충북,충주자유시장,소규모,지하1층,6.1
충북,충주자유시장,소규모,1층,8.8
충북,충주자유시장,소규모,2층,3.9
충남,강경젓갈시장,소규모,1층,7.4
충남,강경젓갈시장,소규모,2층,4.4
충남,공주대,소규모,1층,11.7
충남,공주대,소규모,2층,8.6
충남,공주웅진동,소규모,1층,14.6
충남,공주웅진동,소규모,2층,7.8
충남,논산시외버스터미널,소규모,1층,13.1
충남,논산시외버스터미널,소규모,2층,4.5
충남,당진시청,소규모,지하1층,5.4
충남,당진시청,소규모,1층,15.4
충남,당진시청,소규모,2층,8
충남,두정,소규모,1층,14
충남,두정,소규모,2층,7.9
충남,배방읍,소규모,1층,18.4
충남,배방읍,소규모,2층,6.2
충남,보령문화의전당,소규모,1층,12.6
충남,보령문화의전당,소규모,2층,6.5
충남,서산터미널,소규모,1층,15.8
충남,서산터미널,소규모,2층,7.1
충남,아산온양,소규모,1층,13.5
충남,아산온양,소규모,2층,6.9
충남,예산시장,소규모,지하1층,1.7
충남,예산시장,소규모,1층,8.3
충남,예산시장,소규모,2층,3.2
충남,천안역,소규모,1층,15.4
충남,천안역,소규모,2층,6.9
충남,천안종합버스터미널,소규모,1층,19.6
충남,천안종합버스터미널,소규모,2층,8.5
충남,태안터미널,소규모,1층,10.1
충남,태안터미널,소규모,2층,4.2
충남,합덕버스터미널,소규모,1층,8.4
충남,합덕버스터미널,소규모,2층,3.4
전북,군산구도심,소규모,1층,7.5
전북,군산구도심,소규모,2층,3
전북,김제시장,소규모,1층,7.8
전북,김제시장,소규모,2층,3.9
전북,남원광한루,소규모,1층,9.1
전북,남원광한루,소규모,2층,5.3
전북,송천동,소규모,지하1층,5
전북,송천동,소규모,1층,12.5
전북,송천동,소규모,2층,6.5
전북,영등부송,소규모,1층,9.1
전북,영등부송,소규모,2층,4.6
전북,익산역,소규모,지하1층,1.3
전북,익산역,소규모,1층,8.3
전북,익산역,소규모,2층,3.5
전북,전주동부,소규모,지하1층,2.3
전북,전주동부,소규모,1층,13.4
전북,전주동부,소규모,2층,5.1
전북,전주서부,소규모,1층,13.5
전북,전주서부,소규모,2층,5.8
전북,정읍중심,소규모,1층,12.2
전북,정읍중심,소규모,2층,4.6
전남,광양읍,소규모,1층,6.8
전남,광양중동,소규모,1층,9.8
전남,광양중동,소규모,2층,7.9
전남,나주구시가지,소규모,1층,8.9
전남,나주구시가지,소규모,2층,5
전남,목포구도심,소규모,1층,7.1
전남,목포구도심,소규모,2층,3.3
전남,무선지구,소규모,1층,9.2
전남,무선지구,소규모,2층,4
전남,순천법원,소규모,1층,12.1
전남,순천법원,소규모,2층,6.8
전남,순천원도심,소규모,1층,11.8
전남,순천원도심,소규모,2층,5.9
전남,여수여문,소규모,1층,9.7
전남,여수여문,소규모,2층,3.8
전남,여수원도심,소규모,1층,19.3
전남,여수원도심,소규모,2층,9.4
전남,여수학동,소규모,지하1층,3.3
전남,여수학동,소규모,1층,10.2
전남,여수학동,소규모,2층,5.1
전남,조례,소규모,1층,15.4
전남,하당신도심,소규모,1층,11.2
전남,하당신도심,소규모,2층,6.1
경북,가흥택지개발지구,소규모,1층,12
경북,가흥택지개발지구,소규모,2층,6.3
경북,경주도심,소규모,1층,20.8
경북,경주도심,소규모,2층,5.3
경북,구미산업단지,소규모,1층,16.5
경북,구미선주원남동,소규모,1층,11.9
경북,구미선주원남동,소규모,2층,5.1
경북,구미역,소규모,1층,14.8
경북,구미역,소규모,2층,5.8
경북,문경점촌흥덕,소규모,1층,9.3
경북,문경점촌흥덕,소규모,2층,4.7
경북,상주동문동,소규모,1층,10.2
경북,상주동문동,소규모,2층,3.5
경북,안동구도심,소규모,1층,12.6
경북,안동구도심,소규모,2층,5.3
경북,양덕동,소규모,1층,9.8
경북,양덕동,소규모,2층,4.6
경북,영일대해수욕장,소규모,1층,17.7
경북,영일대해수욕장,소규모,2층,8
경북,영주중앙,소규모,1층,7.3
경북,영주중앙,소규모,2층,3.4
경북,옥동사거리,소규모,1층,11.3
경북,옥동사거리,소규모,2층,6.6
경북,포항도심,소규모,1층,11.6
경북,포항도심,소규모,2층,4.3
경남,거제고현,소규모,1층,14.5
경남,거제고현,소규모,2층,7.2
경남,거제옥포,소규모,1층,12.6
경남,거제옥포,소규모,2층,4.2
경남,김해시청/동상시장,소규모,1층,12.2
경남,김해시청/동상시장,소규모,2층,4.8
경남,마산동서동,소규모,1층,13.9
경남,마산동서동,소규모,2층,5.5
경남,마산역버스터미널,소규모,지하1층,2.7
경남,마산역버스터미널,소규모,1층,15.8
경남,마산역버스터미널,소규모,2층,7
경남,밀양원도심/삼문동,소규모,1층,11.4
경남,밀양원도심/삼문동,소규모,2층,5.1
경남,양산구도심,소규모,1층,10.4
경남,양산구도심,소규모,2층,4.4
경남,진주중앙시장,소규모,지하1층,2.6
경남,진주중앙시장,소규모,1층,15
경남,진주중앙시장,소규모,2층,6.3
경남,진해석동,소규모,1층,18.3
경남,창원시청,소규모,지하1층,5.4
경남,창원시청,소규모,1층,11.2
경남,창원시청,소규모,2층,5.4
경남,창원역,소규모,1층,15.4
경남,창원월영동,소규모,지하1층,11.6
경남,창원월영동,소규모,1층,22.5
경남,창원월영동,소규모,2층,8.3
경남,창원의창구청,소규모,1층,9.2
경남,창원의창구청,소규모,2층,4.3
경남,통영 강구안,소규모,1층,24.6
경남,통영 강구안,소규모,2층,8.2
경남,평거동,소규모,1층,13.7
경남,평거동,소규모,2층,8.9
경남,활천동,소규모,1층,11
경남,활천동,소규모,2층,6.4
제주,광양사거리,소규모,지하1층,2.6
제주,광양사거리,소규모,1층,12.3
제주,광양사거리,소규모,2층,9.1
제주,노형오거리,소규모,1층,20.1
제주,노형오거리,소규모,2층,8.6
제주,서귀포도심,소규모,지하1층,9.9
제주,서귀포도심,소규모,1층,17
제주,서귀포도심,소규모,2층,7
제주,중앙사거리,소규모,1층,11.2
제주,중앙사거리,소규모,2층,5.7
서울,광화문,중대형,지하1층,28.1
서울,광화문,중대형,1층,80.7
서울,광화문,중대형,2층,41.1
서울,광화문,중대형,3층,29.9
서울,광화문,중대형,4층,23.9
서울,광화문,중대형,5층,23.4
서울,광화문,중대형,6층이상,23.5
서울,남대문,중대형,지하1층,19.6
서울,남대문,중대형,1층,68.6
서울,남대문,중대형,2층,24.6
서울,남대문,중대형,3층,19.9
서울,남대문,중대형,4층,18.2
서울,남대문,중대형,5층,15.4
서울,남대문,중대형,6층이상,16.7
서울,동대문,중대형,지하1층,13.8
서울,동대문,중대형,1층,45.5
서울,동대문,중대형,2층,18.8
서울,동대문,중대형,3층,15
서울,동대문,중대형,4층,14.4
서울,동대문,중대형,5층,17.1
서울,동대문,중대형,6층이상,19.8
서울,명동,중대형,지하1층,28.9
서울,명동,중대형,1층,189.5
서울,명동,중대형,2층,77.9
서울,명동,중대형,3층,58.6
서울,명동,중대형,4층,52.4
서울,명동,중대형,5층,40.6
서울,명동,중대형,6층이상,30.6
서울,시청,중대형,지하1층,20.4
서울,시청,중대형,1층,64.7
서울,시청,중대형,2층,32.6
서울,시청,중대형,3층,20.9
서울,시청,중대형,4층,19.1
서울,시청,중대형,5층,18.2
서울,시청,중대형,6층이상,14.4
서울,을지로,중대형,지하1층,9.5
서울,을지로,중대형,1층,51.2
서울,을지로,중대형,2층,18.1
서울,을지로,중대형,3층,15.3
서울,을지로,중대형,4층,13.8
서울,을지로,중대형,5층,13.8
서울,종로,중대형,지하1층,16.6
서울,종로,중대형,1층,78.6
서울,종로,중대형,2층,30.9
서울,종로,중대형,3층,22.1
서울,종로,중대형,4층,18.4
서울,종로,중대형,5층,17.4
서울,종로,중대형,6층이상,18.4
서울,충무로,중대형,지하1층,8.7
서울,충무로,중대형,1층,51.1
서울,충무로,중대형,2층,20.6
서울,충무로,중대형,3층,18.1
서울,충무로,중대형,4층,16.6
서울,충무로,중대형,5층,12.5
서울,강남대로,중대형,지하1층,34.9
서울,강남대로,중대형,1층,107
서울,강남대로,중대형,2층,45.5
서울,강남대로,중대형,3층,35.6
서울,강남대로,중대형,4층,29.7
서울,강남대로,중대형,5층,29.5
서울,강남대로,중대형,6층이상,22.1
서울,교대역,중대형,지하1층,12.7
서울,교대역,중대형,1층,34.2
서울,교대역,중대형,2층,20.6
서울,교대역,중대형,3층,19.1
서울,교대역,중대형,4층,18
서울,교대역,중대형,5층,18.7
서울,교대역,중대형,6층이상,25.2
서울,남부터미널,중대형,지하1층,10.9
서울,남부터미널,중대형,1층,31.3
서울,남부터미널,중대형,2층,19.3
서울,남부터미널,중대형,3층,17.3
서울,남부터미널,중대형,4층,15.7
서울,남부터미널,중대형,5층,16.5
서울,남부터미널,중대형,6층이상,20.7
서울,논현역,중대형,지하1층,16.3
서울,논현역,중대형,1층,53.1
서울,논현역,중대형,2층,25.1
서울,논현역,중대형,3층,20.5
서울,논현역,중대형,4층,18.3
서울,논현역,중대형,5층,17.1
서울,논현역,중대형,6층이상,15.7
서울,도산대로,중대형,지하1층,22.7
서울,도산대로,중대형,1층,46.2
서울,도산대로,중대형,2층,27.8
서울,도산대로,중대형,3층,24.3
서울,도산대로,중대형,4층,22.1
서울,도산대로,중대형,5층,24.1
서울,도산대로,중대형,6층이상,23.1
서울,방배역/내방역,중대형,지하1층,13.6
서울,방배역/내방역,중대형,1층,40.2
서울,방배역/내방역,중대형,2층,22.1
서울,방배역/내방역,중대형,3층,19.9
서울,방배역/내방역,중대형,4층,19.4
서울,방배역/내방역,중대형,5층,20.3
서울,방배역/내방역,중대형,6층이상,31.1
서울,서래마을,중대형,지하1층,18.4
서울,서래마을,중대형,1층,44.9
서울,서래마을,중대형,2층,21.9
서울,서래마을,중대형,3층,19.5
서울,서래마을,중대형,4층,17.3
서울,서래마을,중대형,5층,16.9
서울,서래마을,중대형,6층이상,15.7
서울,신사역,중대형,지하1층,25.4
서울,신사역,중대형,1층,83.6
서울,신사역,중대형,2층,33
서울,신사역,중대형,3층,23.3
서울,신사역,중대형,4층,21.4
서울,신사역,중대형,5층,18.6
서울,신사역,중대형,6층이상,17.2
서울,압구정,중대형,지하1층,16.1
서울,압구정,중대형,1층,50.4
서울,압구정,중대형,2층,29.4
서울,압구정,중대형,3층,26.2
서울,압구정,중대형,4층,27.1
서울,압구정,중대형,5층,22.8
서울,압구정,중대형,6층이상,21.3
서울,양재말죽거리,중대형,지하1층,10.1
서울,양재말죽거리,중대형,1층,38.7
서울,양재말죽거리,중대형,2층,20.3
서울,양재말죽거리,중대형,3층,18.4
서울,양재말죽거리,중대형,4층,17.1
서울,양재말죽거리,중대형,5층,16.9
서울,양재말죽거리,중대형,6층이상,20.6
서울,양재역,중대형,지하1층,11.1
서울,양재역,중대형,1층,41.1
서울,양재역,중대형,2층,19.3
서울,양재역,중대형,3층,18.6
서울,양재역,중대형,4층,18.3
서울,양재역,중대형,5층,17.8
서울,양재역,중대형,6층이상,14.4
서울,청담,중대형,지하1층,17.1
서울,청담,중대형,1층,60
서울,청담,중대형,2층,29.5
서울,청담,중대형,3층,23.5
서울,청담,중대형,4층,21.3
서울,청담,중대형,5층,20.8
서울,청담,중대형,6층이상,25.1
서울,테헤란로,중대형,지하1층,26
서울,테헤란로,중대형,1층,46.9
서울,테헤란로,중대형,2층,33
서울,테헤란로,중대형,3층,25.4
서울,테헤란로,중대형,4층,22.1
서울,테헤란로,중대형,5층,21.9
서울,테헤란로,중대형,6층이상,18.6
서울,학동/강남구청역,중대형,지하1층,18.8
서울,학동/강남구청역,중대형,1층,50.1
서울,학동/강남구청역,중대형,2층,26.9
서울,학동/강남구청역,중대형,3층,22
서울,학동/강남구청역,중대형,4층,22.5
서울,학동/강남구청역,중대형,5층,21.7
서울,공덕역,중대형,지하1층,13.3
서울,공덕역,중대형,1층,39.1
서울,공덕역,중대형,2층,21.1
서울,공덕역,중대형,3층,14.7
서울,공덕역,중대형,4층,15.6
서울,공덕역,중대형,5층,17
서울,공덕역,중대형,6층이상,16
서울,당산역,중대형,지하1층,7.5
서울,당산역,중대형,1층,29.4
서울,당산역,중대형,2층,16.7
서울,당산역,중대형,3층,11.5
서울,당산역,중대형,4층,9.1
서울,당산역,중대형,5층,11.8
서울,당산역,중대형,6층이상,13
서울,동교/연남,중대형,지하1층,24.8
서울,동교/연남,중대형,1층,42.9
서울,동교/연남,중대형,2층,26.7
서울,동교/연남,중대형,3층,20.6
서울,동교/연남,중대형,4층,18.6
서울,동교/연남,중대형,5층,14
서울,망원역,중대형,지하1층,12.5
서울,망원역,중대형,1층,32.5
서울,망원역,중대형,2층,17.7
서울,망원역,중대형,3층,16.6
서울,망원역,중대형,4층,18.1
서울,망원역,중대형,5층,17.3
서울,망원역,중대형,6층이상,13.7
서울,신촌/이대,중대형,지하1층,13.8
서울,신촌/이대,중대형,1층,63.1
서울,신촌/이대,중대형,2층,24.6
서울,신촌/이대,중대형,3층,17.5
서울,신촌/이대,중대형,4층,15.9
서울,신촌/이대,중대형,5층,14.9
서울,신촌/이대,중대형,6층이상,15.9
서울,영등포역,중대형,지하1층,11.6
서울,영등포역,중대형,1층,39.4
서울,영등포역,중대형,2층,17.4
서울,영등포역,중대형,3층,13
서울,영등포역,중대형,4층,11.3
서울,영등포역,중대형,5층,12.3
서울,영등포역,중대형,6층이상,16.2
서울,홍대/합정,중대형,지하1층,27.1
서울,홍대/합정,중대형,1층,66.4
서울,홍대/합정,중대형,2층,31.7
서울,홍대/합정,중대형,3층,24
서울,홍대/합정,중대형,4층,21.8
서울,홍대/합정,중대형,5층,19.6
서울,홍대/합정,중대형,6층이상,20.9
서울,가락시장,중대형,지하1층,12.2
서울,가락시장,중대형,1층,38.5
서울,가락시장,중대형,2층,16.1
서울,가락시장,중대형,3층,13.5
서울,가락시장,중대형,4층,12.2
서울,가락시장,중대형,5층,15.2
서울,가락시장,중대형,6층이상,21.9
서울,건대입구,중대형,지하1층,17.6
서울,건대입구,중대형,1층,69
서울,건대입구,중대형,2층,27.2
서울,건대입구,중대형,3층,18.5
서울,건대입구,중대형,4층,16.1
서울,건대입구,중대형,5층,11.5
서울,건대입구,중대형,6층이상,6.4
서울,경희대,중대형,지하1층,12.3
서울,경희대,중대형,1층,49.3
서울,경희대,중대형,2층,18.2
서울,경희대,중대형,3층,13.8
서울,경희대,중대형,4층,12.7
서울,경희대,중대형,5층,10.7
서울,구로디지털단지역,중대형,지하1층,11.8
서울,구로디지털단지역,중대형,1층,45.9
서울,구로디지털단지역,중대형,2층,19
서울,구로디지털단지역,중대형,3층,12.8
서울,구로디지털단지역,중대형,4층,11.6
서울,구로디지털단지역,중대형,5층,21.5
서울,구의역,중대형,지하1층,9.3
서울,구의역,중대형,1층,38.8
서울,구의역,중대형,2층,15.1
서울,구의역,중대형,3층,12.6
서울,구의역,중대형,4층,12.6
서울,구의역,중대형,5층,14.2
서울,군자,중대형,지하1층,11
서울,군자,중대형,1층,36.1
서울,군자,중대형,2층,18.4
서울,군자,중대형,3층,14.5
서울,군자,중대형,4층,14.1
서울,군자,중대형,5층,14.3
서울,군자,중대형,6층이상,21
서울,노량진,중대형,지하1층,13.6
서울,노량진,중대형,1층,47.3
서울,노량진,중대형,2층,22.6
서울,노량진,중대형,3층,16.9
서울,노량진,중대형,4층,16.5
서울,노량진,중대형,5층,14.9
서울,노량진,중대형,6층이상,18.8
서울,독산/시흥,중대형,지하1층,11.7
서울,독산/시흥,중대형,1층,33.2
서울,독산/시흥,중대형,2층,14.1
서울,독산/시흥,중대형,3층,10.6
서울,독산/시흥,중대형,4층,9.3
서울,독산/시흥,중대형,5층,11.4
서울,독산/시흥,중대형,6층이상,42
서울,뚝섬,중대형,지하1층,11.7
서울,뚝섬,중대형,1층,45.1
서울,뚝섬,중대형,2층,21
서울,뚝섬,중대형,3층,17.3
서울,뚝섬,중대형,4층,18.8
서울,뚝섬,중대형,5층,18.5
서울,뚝섬,중대형,6층이상,19.7
서울,목동,중대형,지하1층,10.5
서울,목동,중대형,1층,33.6
서울,목동,중대형,2층,15.6
서울,목동,중대형,3층,14
서울,목동,중대형,4층,13.2
서울,목동,중대형,5층,13.8
서울,목동,중대형,6층이상,12.3
서울,미아사거리,중대형,지하1층,10.3
서울,미아사거리,중대형,1층,38.7
서울,미아사거리,중대형,2층,17.8
서울,미아사거리,중대형,3층,13.8
서울,미아사거리,중대형,4층,11.7
서울,미아사거리,중대형,5층,12
서울,미아사거리,중대형,6층이상,19.5
서울,불광역,중대형,지하1층,14.8
서울,불광역,중대형,1층,41.6
서울,불광역,중대형,2층,18.3
서울,불광역,중대형,3층,13.9
서울,불광역,중대형,4층,12.1
서울,불광역,중대형,5층,15.6
서울,불광역,중대형,6층이상,15
서울,사당,중대형,지하1층,15.9
서울,사당,중대형,1층,60.1
서울,사당,중대형,2층,27.5
서울,사당,중대형,3층,22.8
서울,사당,중대형,4층,19.2
서울,사당,중대형,5층,17.4
서울,사당,중대형,6층이상,13.3
서울,상계역,중대형,지하1층,8.4
서울,상계역,중대형,1층,29.6
서울,상계역,중대형,2층,14.4
서울,상계역,중대형,3층,12.1
서울,상계역,중대형,4층,10.9
서울,상계역,중대형,5층,12.1
서울,상봉역,중대형,지하1층,12.1
서울,상봉역,중대형,1층,39.2
서울,상봉역,중대형,2층,18.4
서울,상봉역,중대형,3층,16
서울,상봉역,중대형,4층,12.3
서울,상봉역,중대형,5층,15.5
서울,상봉역,중대형,6층이상,28.1
서울,서울대입구역,중대형,지하1층,20
서울,서울대입구역,중대형,1층,80.2
서울,서울대입구역,중대형,2층,31.6
서울,서울대입구역,중대형,3층,24.8
서울,서울대입구역,중대형,4층,25.2
서울,서울대입구역,중대형,5층,27.1
서울,서울대입구역,중대형,6층이상,21.1
서울,성신여대,중대형,지하1층,15.8
서울,성신여대,중대형,1층,47.6
서울,성신여대,중대형,2층,22.2
서울,성신여대,중대형,3층,17.1
서울,성신여대,중대형,4층,13.4
서울,성신여대,중대형,5층,13.3
서울,성신여대,중대형,6층이상,10.8
서울,수유,중대형,지하1층,13.2
서울,수유,중대형,1층,50.5
서울,수유,중대형,2층,17.2
서울,수유,중대형,3층,15.4
서울,수유,중대형,4층,12.2
서울,수유,중대형,5층,13.4
서울,수유,중대형,6층이상,12.6
서울,숙명여대,중대형,지하1층,10.1
서울,숙명여대,중대형,1층,38.7
서울,숙명여대,중대형,2층,19.8
서울,숙명여대,중대형,3층,14.4
서울,숙명여대,중대형,4층,12.9
서울,숙명여대,중대형,5층,9.9
서울,신림역,중대형,지하1층,16.5
서울,신림역,중대형,1층,64.8
서울,신림역,중대형,2층,25.9
서울,신림역,중대형,3층,18.4
서울,신림역,중대형,4층,12.8
서울,신림역,중대형,5층,14.3
서울,신림역,중대형,6층이상,15
서울,연신내,중대형,지하1층,15.8
서울,연신내,중대형,1층,47.1
서울,연신내,중대형,2층,21.4
서울,연신내,중대형,3층,14.6
서울,연신내,중대형,4층,12
서울,연신내,중대형,5층,11.5
서울,오류동역,중대형,지하1층,11.7
서울,오류동역,중대형,1층,45.2
서울,오류동역,중대형,2층,18.8
서울,오류동역,중대형,3층,13
서울,오류동역,중대형,4층,11.7
서울,오류동역,중대형,5층,9.1
서울,왕십리,중대형,지하1층,14.5
서울,왕십리,중대형,1층,42.3
서울,왕십리,중대형,2층,16.7
서울,왕십리,중대형,3층,14.2
서울,왕십리,중대형,4층,13.1
서울,왕십리,중대형,5층,12.3
서울,용산역,중대형,지하1층,11.7
서울,용산역,중대형,1층,26.6
서울,용산역,중대형,2층,14.6
서울,용산역,중대형,3층,12.8
서울,용산역,중대형,4층,12.8
서울,용산역,중대형,5층,9.7
서울,용산역,중대형,6층이상,12.1
서울,이태원,중대형,지하1층,17.4
서울,이태원,중대형,1층,56
서울,이태원,중대형,2층,33.8
서울,이태원,중대형,3층,29.7
서울,이태원,중대형,4층,33.3
서울,이태원,중대형,5층,24.7
서울,이태원,중대형,6층이상,30.1
서울,잠실/송파,중대형,지하1층,12.1
서울,잠실/송파,중대형,1층,44.5
서울,잠실/송파,중대형,2층,17.4
서울,잠실/송파,중대형,3층,14.8
서울,잠실/송파,중대형,4층,15.3
서울,잠실/송파,중대형,5층,14.8
서울,잠실/송파,중대형,6층이상,17.2
서울,잠실새내역,중대형,지하1층,10.8
서울,잠실새내역,중대형,1층,36.5
서울,잠실새내역,중대형,2층,18.4
서울,잠실새내역,중대형,3층,15.4
서울,잠실새내역,중대형,4층,15.4
서울,잠실새내역,중대형,5층,16
서울,잠실새내역,중대형,6층이상,23.6
서울,장안동,중대형,지하1층,11.7
서울,장안동,중대형,1층,36.3
서울,장안동,중대형,2층,16.6
서울,장안동,중대형,3층,11.9
서울,장안동,중대형,4층,11.4
서울,장안동,중대형,5층,9.1
서울,천호,중대형,지하1층,11.1
서울,천호,중대형,1층,47.1
서울,천호,중대형,2층,20.5
서울,천호,중대형,3층,15.2
서울,천호,중대형,4층,13.5
서울,천호,중대형,5층,11.9
서울,천호,중대형,6층이상,12.1
서울,청량리,중대형,지하1층,7.7
서울,청량리,중대형,1층,45.3
서울,청량리,중대형,2층,18.8
서울,청량리,중대형,3층,13.9
서울,청량리,중대형,4층,11.8
서울,청량리,중대형,5층,11.5
서울,청량리,중대형,6층이상,10.9
서울,혜화동,중대형,지하1층,17.1
서울,혜화동,중대형,1층,62.3
서울,혜화동,중대형,2층,26
서울,혜화동,중대형,3층,20.9
서울,혜화동,중대형,4층,19
서울,혜화동,중대형,5층,16.4
서울,혜화동,중대형,6층이상,14.3
서울,화곡,중대형,지하1층,10.7
서울,화곡,중대형,1층,35.2
서울,화곡,중대형,2층,16.4
서울,화곡,중대형,3층,14.8
서울,화곡,중대형,4층,12.3
서울,화곡,중대형,5층,10.1
서울,화곡,중대형,6층이상,9
부산,경성대/부경대,중대형,지하1층,9.2
부산,경성대/부경대,중대형,1층,37.1
부산,경성대/부경대,중대형,2층,15.9
부산,경성대/부경대,중대형,3층,11.7
부산,경성대/부경대,중대형,4층,10.1
부산,경성대/부경대,중대형,5층,9.5
부산,경성대/부경대,중대형,6층이상,8.5
부산,광안리,중대형,지하1층,6.1
부산,광안리,중대형,1층,26.1
부산,광안리,중대형,2층,12.6
부산,광안리,중대형,3층,10.8
부산,광안리,중대형,4층,8.6
부산,광안리,중대형,5층,8.1
부산,광안리,중대형,6층이상,9.7
부산,구서동/금정구청,중대형,지하1층,4.7
부산,구서동/금정구청,중대형,1층,25.3
부산,구서동/금정구청,중대형,2층,13.2
부산,구서동/금정구청,중대형,3층,6.8
부산,구서동/금정구청,중대형,4층,6.2
부산,구서동/금정구청,중대형,5층,6
부산,구서동/금정구청,중대형,6층이상,7.3
부산,남포동,중대형,지하1층,9.8
부산,남포동,중대형,1층,60.6
부산,남포동,중대형,2층,17.9
부산,남포동,중대형,3층,11.2
부산,남포동,중대형,4층,9.1
부산,남포동,중대형,5층,5.2
부산,남포동,중대형,6층이상,3.2
부산,남항동,중대형,지하1층,6.7
부산,남항동,중대형,1층,14
부산,남항동,중대형,2층,7.2
부산,남항동,중대형,3층,5.3
부산,남항동,중대형,4층,5.1
부산,남항동,중대형,5층,4.8
부산,남항동,중대형,6층이상,4.1
부산,덕천역,중대형,지하1층,9.9
부산,덕천역,중대형,1층,49.3
부산,덕천역,중대형,2층,18.2
부산,덕천역,중대형,3층,13.4
부산,덕천역,중대형,4층,13.2
부산,덕천역,중대형,5층,12.2
부산,덕천역,중대형,6층이상,14.3
부산,동래역,중대형,지하1층,6.3
부산,동래역,중대형,1층,23.2
부산,동래역,중대형,2층,11.7
부산,동래역,중대형,3층,7.7
부산,동래역,중대형,4층,7.3
부산,동래역,중대형,5층,5.7
부산,동래역,중대형,6층이상,5
부산,부산대학앞,중대형,지하1층,7.4
부산,부산대학앞,중대형,1층,44.9
부산,부산대학앞,중대형,2층,14.7
부산,부산대학앞,중대형,3층,10.4
부산,부산대학앞,중대형,4층,8.9
부산,부산대학앞,중대형,5층,8.6
부산,부산대학앞,중대형,6층이상,9.5
부산,부산역,중대형,지하1층,6.8
부산,부산역,중대형,1층,18
부산,부산역,중대형,2층,8.4
부산,부산역,중대형,3층,6.9
부산,부산역,중대형,4층,6.7
부산,부산역,중대형,5층,8.2
부산,부산역,중대형,6층이상,8.5
부산,부전시장,중대형,지하1층,6.2
부산,부전시장,중대형,1층,30.5
부산,부전시장,중대형,2층,16.3
부산,부전시장,중대형,3층,13.1
부산,부전시장,중대형,4층,12.5
부산,부전시장,중대형,5층,16.9
부산,부전시장,중대형,6층이상,21.6
부산,사상역,중대형,지하1층,4.4
부산,사상역,중대형,1층,16.2
부산,사상역,중대형,2층,7.1
부산,사상역,중대형,3층,5.2
부산,사상역,중대형,4층,5.5
부산,사직야구장,중대형,지하1층,6.7
부산,사직야구장,중대형,1층,30.3
부산,사직야구장,중대형,2층,12.1
부산,사직야구장,중대형,3층,9.7
부산,사직야구장,중대형,4층,8.2
부산,사직야구장,중대형,5층,10.5
부산,사직야구장,중대형,6층이상,9.7
부산,서면/전포,중대형,지하1층,10.8
부산,서면/전포,중대형,1층,48.3
부산,서면/전포,중대형,2층,18.2
부산,서면/전포,중대형,3층,12.8
부산,서면/전포,중대형,4층,11.3
부산,서면/전포,중대형,5층,10.9
부산,서면/전포,중대형,6층이상,10.8
부산,송정해수욕장,중대형,지하1층,6.6
부산,송정해수욕장,중대형,1층,17.9
부산,송정해수욕장,중대형,2층,12.9
부산,송정해수욕장,중대형,3층,11.9
부산,송정해수욕장,중대형,4층,12.4
부산,송정해수욕장,중대형,5층,11.7
부산,송정해수욕장,중대형,6층이상,8.6
부산,수영역,중대형,지하1층,9.5
부산,수영역,중대형,1층,28.1
부산,수영역,중대형,2층,14.3
부산,수영역,중대형,3층,10.1
부산,수영역,중대형,4층,10.1
부산,수영역,중대형,5층,10
부산,연산로터리,중대형,지하1층,8.5
부산,연산로터리,중대형,1층,23.3
부산,연산로터리,중대형,2층,12.8
부산,연산로터리,중대형,3층,10.9
부산,연산로터리,중대형,4층,10.3
부산,연산로터리,중대형,5층,9
부산,연산로터리,중대형,6층이상,10.5
부산,온천장,중대형,지하1층,5.4
부산,온천장,중대형,1층,21.6
부산,온천장,중대형,2층,8.5
부산,온천장,중대형,3층,6.2
부산,온천장,중대형,4층,4.7
부산,온천장,중대형,5층,5.2
부산,온천장,중대형,6층이상,5.5
부산,하단역,중대형,지하1층,5.7
부산,하단역,중대형,1층,27.7
부산,하단역,중대형,2층,15
부산,하단역,중대형,3층,10.2
부산,하단역,중대형,4층,8.7
부산,하단역,중대형,5층,7.7
부산,하단역,중대형,6층이상,4.6
부산,해운대,중대형,지하1층,7.1
부산,해운대,중대형,1층,32.3
부산,해운대,중대형,2층,13.3
부산,해운대,중대형,3층,10.5
부산,해운대,중대형,4층,8.2
부산,해운대,중대형,5층,7.1
부산,해운대,중대형,6층이상,6.4
부산,현대백화점주변,중대형,지하1층,6.4
부산,현대백화점주변,중대형,1층,20.6
부산,현대백화점주변,중대형,2층,10
부산,현대백화점주변,중대형,3층,7.6
부산,현대백화점주변,중대형,4층,6.9
부산,현대백화점주변,중대형,5층,7.2
부산,현대백화점주변,중대형,6층이상,6.7
대구,경북대북문,중대형,지하1층,5.9
대구,경북대북문,중대형,1층,22.2
대구,경북대북문,중대형,2층,9.1
대구,경북대북문,중대형,3층,6.8
대구,경북대북문,중대형,4층,6.7
대구,경북대북문,중대형,5층,7.9
대구,계명대,중대형,지하1층,3.7
대구,계명대,중대형,1층,13.7
대구,계명대,중대형,2층,6.2
대구,계명대,중대형,3층,5.1
대구,계명대,중대형,4층,4.5
대구,계명대,중대형,5층,4.5
대구,계명대,중대형,6층이상,5.1
대구,동대구,중대형,지하1층,4.9
대구,동대구,중대형,1층,16.7
대구,동대구,중대형,2층,7.7
대구,동대구,중대형,3층,6.4
대구,동대구,중대형,4층,5.9
대구,동대구,중대형,5층,5.8
대구,동대구,중대형,6층이상,6.5
대구,동성로중심,중대형,지하1층,4.8
대구,동성로중심,중대형,1층,36.4
대구,동성로중심,중대형,2층,11
대구,동성로중심,중대형,3층,8.8
대구,동성로중심,중대형,4층,7.8
대구,동성로중심,중대형,5층,8.2
대구,동성로중심,중대형,6층이상,8.2
대구,들안길,중대형,지하1층,4
대구,들안길,중대형,1층,19.6
대구,들안길,중대형,2층,9.2
대구,들안길,중대형,3층,9.6
대구,들안길,중대형,4층,8.2
대구,삼덕/대봉,중대형,지하1층,4.8
대구,삼덕/대봉,중대형,1층,19.6
대구,삼덕/대봉,중대형,2층,9.3
대구,삼덕/대봉,중대형,3층,7.6
대구,삼덕/대봉,중대형,4층,6.6
대구,삼덕/대봉,중대형,5층,8.5
대구,상인/월배,중대형,지하1층,6.6
대구,상인/월배,중대형,1층,31.2
대구,상인/월배,중대형,2층,11.9
대구,상인/월배,중대형,3층,9.1
대구,상인/월배,중대형,4층,8.1
대구,상인/월배,중대형,5층,8.2
대구,상인/월배,중대형,6층이상,8.5
대구,서문시장/청라언덕,중대형,지하1층,3.4
대구,서문시장/청라언덕,중대형,1층,14.2
대구,서문시장/청라언덕,중대형,2층,7.7
대구,서문시장/청라언덕,중대형,3층,6.1
대구,서문시장/청라언덕,중대형,4층,3.6
대구,수성범어,중대형,지하1층,5.1
대구,수성범어,중대형,1층,23.1
대구,수성범어,중대형,2층,10.6
대구,수성범어,중대형,3층,9.7
대구,수성범어,중대형,4층,8.9
대구,수성범어,중대형,5층,9.9
대구,시지지구,중대형,지하1층,3.9
대구,시지지구,중대형,1층,24.6
대구,시지지구,중대형,2층,12.5
대구,시지지구,중대형,3층,9
대구,시지지구,중대형,4층,7.4
대구,시지지구,중대형,5층,8.7
대구,시지지구,중대형,6층이상,8.3
대구,월촌/안지랑,중대형,지하1층,4.5
대구,월촌/안지랑,중대형,1층,20.7
대구,월촌/안지랑,중대형,2층,8.3
대구,월촌/안지랑,중대형,3층,7.4
대구,월촌/안지랑,중대형,4층,4.5
대구,월촌/안지랑,중대형,5층,5.3
대구,죽전,중대형,지하1층,5.1
대구,죽전,중대형,1층,21.4
대구,죽전,중대형,2층,8.4
대구,죽전,중대형,3층,7.1
대구,죽전,중대형,4층,6.4
대구,죽전,중대형,5층,8
대구,죽전,중대형,6층이상,10.2
대구,칠곡,중대형,지하1층,5.2
대구,칠곡,중대형,1층,18
대구,칠곡,중대형,2층,6
대구,칠곡,중대형,3층,4.9
대구,칠곡,중대형,4층,5.1
대구,칠곡,중대형,5층,4.6
대구,칠곡,중대형,6층이상,4.7
인천,간석오거리,중대형,지하1층,5.1
인천,간석오거리,중대형,1층,21.6
인천,간석오거리,중대형,2층,8.6
인천,간석오거리,중대형,3층,6.7
인천,간석오거리,중대형,4층,6.8
인천,간석오거리,중대형,5층,6.6
인천,간석오거리,중대형,6층이상,5
인천,계양계산,중대형,지하1층,5.3
인천,계양계산,중대형,1층,23.9
인천,계양계산,중대형,2층,8.9
인천,계양계산,중대형,3층,7
인천,계양계산,중대형,4층,5.9
인천,구월,중대형,지하1층,6.5
인천,구월,중대형,1층,32.9
인천,구월,중대형,2층,16.8
인천,구월,중대형,3층,12.3
인천,구월,중대형,4층,10.7
인천,구월,중대형,5층,11.4
인천,구월,중대형,6층이상,8.5
인천,부평,중대형,지하1층,8
인천,부평,중대형,1층,37.5
인천,부평,중대형,2층,17.2
인천,부평,중대형,3층,11.8
인천,부평,중대형,4층,11.6
인천,부평,중대형,5층,11.9
인천,부평,중대형,6층이상,12.2
인천,석남/가정중앙시장,중대형,지하1층,5
인천,석남/가정중앙시장,중대형,1층,18.9
인천,석남/가정중앙시장,중대형,2층,8.5
인천,석남/가정중앙시장,중대형,3층,7.5
인천,석남/가정중앙시장,중대형,4층,6.8
인천,석남/가정중앙시장,중대형,5층,9
인천,석남/가정중앙시장,중대형,6층이상,5.2
인천,신포동,중대형,지하1층,5.8
인천,신포동,중대형,1층,18.7
인천,신포동,중대형,2층,7.6
인천,신포동,중대형,3층,5.5
인천,신포동,중대형,4층,4.6
인천,신포동,중대형,5층,5.9
인천,신포동,중대형,6층이상,4.7
인천,인하대앞,중대형,지하1층,8.2
인천,인하대앞,중대형,1층,27.6
인천,인하대앞,중대형,2층,12.4
인천,인하대앞,중대형,3층,8
인천,인하대앞,중대형,4층,6.6
인천,주안,중대형,지하1층,5.9
인천,주안,중대형,1층,20.5
인천,주안,중대형,2층,8.7
인천,주안,중대형,3층,6.9
인천,주안,중대형,4층,5.7
인천,주안,중대형,5층,6.6
인천,주안,중대형,6층이상,4.2
광주,금남로/충장로,중대형,지하1층,4.1
광주,금남로/충장로,중대형,1층,28.5
광주,금남로/충장로,중대형,2층,9.9
광주,금남로/충장로,중대형,3층,5.5
광주,금남로/충장로,중대형,4층,3.9
광주,금남로/충장로,중대형,5층,2.9
광주,금남로/충장로,중대형,6층이상,1.7
광주,금호지구,중대형,지하1층,7.4
광주,금호지구,중대형,1층,20.7
광주,금호지구,중대형,2층,8
광주,금호지구,중대형,3층,6.6
광주,금호지구,중대형,4층,6.2
광주,금호지구,중대형,5층,4.8
광주,금호지구,중대형,6층이상,4.1
광주,봉선동,중대형,지하1층,4.4
광주,봉선동,중대형,1층,20
광주,봉선동,중대형,2층,9.5
광주,봉선동,중대형,3층,8.2
광주,봉선동,중대형,4층,8.3
광주,봉선동,중대형,5층,8.2
광주,봉선동,중대형,6층이상,7.9
광주,상무지구,중대형,지하1층,4.8
광주,상무지구,중대형,1층,21.9
광주,상무지구,중대형,2층,8.4
광주,상무지구,중대형,3층,7.1
광주,상무지구,중대형,4층,7.6
광주,상무지구,중대형,5층,6.4
광주,상무지구,중대형,6층이상,7
광주,송정동지구,중대형,지하1층,2.5
광주,송정동지구,중대형,1층,16.6
광주,송정동지구,중대형,2층,6.3
광주,송정동지구,중대형,3층,4.9
광주,송정동지구,중대형,4층,1.7
광주,양산지구,중대형,1층,16.5
광주,양산지구,중대형,2층,7.5
광주,양산지구,중대형,3층,6.4
광주,양산지구,중대형,4층,6
광주,양산지구,중대형,5층,5.2
광주,용봉동,중대형,지하1층,4.8
광주,용봉동,중대형,1층,17.7
광주,용봉동,중대형,2층,8.2
광주,용봉동,중대형,3층,7.7
광주,용봉동,중대형,4층,9.8
광주,월산동지구,중대형,지하1층,4.1
광주,월산동지구,중대형,1층,15.4
광주,월산동지구,중대형,2층,6.3
광주,월산동지구,중대형,3층,5.2
광주,월산동지구,중대형,4층,4.7
광주,월산동지구,중대형,5층,4.7
광주,전남대,중대형,지하1층,6.6
광주,전남대,중대형,1층,26.3
광주,전남대,중대형,2층,9
광주,전남대,중대형,3층,5.7
광주,전남대,중대형,4층,4.6
광주,전남대,중대형,5층,3.4
광주,첨단1지구,중대형,지하1층,
광주,첨단1지구,중대형,1층,20.1
광주,첨단1지구,중대형,2층,9.5
광주,첨단1지구,중대형,3층,6
광주,첨단1지구,중대형,4층,4.6
광주,첨단1지구,중대형,5층,3.8
광주,첨단1지구,중대형,6층이상,2.7
대전,노은,중대형,지하1층,2.4
대전,노은,중대형,1층,15.2
대전,노은,중대형,2층,6.4
대전,노은,중대형,3층,5.7
대전,노은,중대형,4층,5.2
대전,노은,중대형,5층,5
대전,노은,중대형,6층이상,3.8
대전,둔산,중대형,지하1층,5.9
대전,둔산,중대형,1층,28.1
대전,둔산,중대형,2층,10.7
대전,둔산,중대형,3층,8.6
대전,둔산,중대형,4층,7.1
대전,둔산,중대형,5층,6.8
대전,둔산,중대형,6층이상,7.4
대전,복합터미널,중대형,지하1층,5.1
대전,복합터미널,중대형,1층,19.5
대전,복합터미널,중대형,2층,9.9
대전,복합터미널,중대형,3층,8.7
대전,복합터미널,중대형,4층,7.9
대전,복합터미널,중대형,5층,6
대전,복합터미널,중대형,6층이상,4.7
대전,서대전네거리,중대형,지하1층,4.4
대전,서대전네거리,중대형,1층,15.8
대전,서대전네거리,중대형,2층,8.3
대전,서대전네거리,중대형,3층,6.4
대전,서대전네거리,중대형,4층,6.2
대전,서대전네거리,중대형,5층,7.8
대전,서대전네거리,중대형,6층이상,8.1
대전,용문/한민시장,중대형,지하1층,3.2
대전,용문/한민시장,중대형,1층,15.2
대전,용문/한민시장,중대형,2층,7.6
대전,용문/한민시장,중대형,3층,5.9
대전,용문/한민시장,중대형,4층,4.8
대전,원도심,중대형,지하1층,3
대전,원도심,중대형,1층,16.3
대전,원도심,중대형,2층,7
대전,원도심,중대형,3층,5
대전,원도심,중대형,4층,3.9
대전,원도심,중대형,5층,4
대전,원도심,중대형,6층이상,5.2
대전,유성온천역,중대형,지하1층,4.2
대전,유성온천역,중대형,1층,16.6
대전,유성온천역,중대형,2층,8.3
대전,유성온천역,중대형,3층,5.8
대전,유성온천역,중대형,4층,5
대전,유성온천역,중대형,5층,4.2
울산,삼산동,중대형,지하1층,4.4
울산,삼산동,중대형,1층,18.1
울산,삼산동,중대형,2층,9.7
울산,삼산동,중대형,3층,7.6
울산,삼산동,중대형,4층,8.5
울산,삼산동,중대형,5층,7.6
울산,삼산동,중대형,6층이상,6.2
울산,성남옥교동,중대형,지하1층,4.3
울산,성남옥교동,중대형,1층,18.8
울산,성남옥교동,중대형,2층,8
울산,성남옥교동,중대형,3층,5.6
울산,성남옥교동,중대형,4층,5.9
울산,신정동,중대형,지하1층,3.4
울산,신정동,중대형,1층,15.6
울산,신정동,중대형,2층,6.7
울산,신정동,중대형,3층,5.1
울산,신정동,중대형,4층,4.8
울산,신정동,중대형,5층,6
울산,울산농소,중대형,1층,12.5
울산,울산농소,중대형,2층,6.5
울산,울산농소,중대형,3층,5.9
울산,울산농소,중대형,4층,4.7
울산,울산농소,중대형,5층,4.3
울산,울산대,중대형,지하1층,4.6
울산,울산대,중대형,1층,21.6
울산,울산대,중대형,2층,9.8
울산,울산대,중대형,3층,8.5
울산,울산대,중대형,4층,10.4
울산,울산대,중대형,5층,14.2
울산,울산대,중대형,6층이상,11.6
울산,전하동,중대형,지하1층,6
울산,전하동,중대형,1층,15.6
울산,전하동,중대형,2층,7.3
울산,전하동,중대형,3층,6.2
울산,전하동,중대형,4층,6.3
울산,전하동,중대형,5층,6.6
울산,전하동,중대형,6층이상,6
세종,조치원,중대형,지하1층,3.4
세종,조치원,중대형,1층,16.3
세종,조치원,중대형,2층,7.8
세종,조치원,중대형,3층,6.2
세종,조치원,중대형,4층,5.5
경기,고양시청,중대형,지하1층,5.8
경기,고양시청,중대형,1층,25.4
경기,고양시청,중대형,2층,12
경기,고양시청,중대형,3층,7.3
경기,고양시청,중대형,4층,6.9
경기,광명철산,중대형,지하1층,8.6
경기,광명철산,중대형,1층,35.7
경기,광명철산,중대형,2층,13.6
경기,광명철산,중대형,3층,10.8
경기,광명철산,중대형,4층,9.6
경기,광명철산,중대형,5층,9.9
경기,광명철산,중대형,6층이상,8.3
경기,광주시가지,중대형,지하1층,6.5
경기,광주시가지,중대형,1층,23.3
경기,광주시가지,중대형,2층,13.3
경기,광주시가지,중대형,3층,9
경기,광주시가지,중대형,4층,7.8
경기,광주시가지,중대형,5층,7.1
경기,광주시가지,중대형,6층이상,6
경기,구리역,중대형,지하1층,9.1
경기,구리역,중대형,1층,25.2
경기,구리역,중대형,2층,11.7
경기,구리역,중대형,3층,10.2
경기,구리역,중대형,4층,8.8
경기,구리역,중대형,5층,9.4
경기,기흥역,중대형,지하1층,5.4
경기,기흥역,중대형,1층,26.2
경기,기흥역,중대형,2층,12.6
경기,기흥역,중대형,3층,7
경기,기흥역,중대형,4층,7.9
경기,기흥역,중대형,5층,5
경기,김량장동,중대형,지하1층,5.6
경기,김량장동,중대형,1층,27.4
경기,김량장동,중대형,2층,10.8
경기,김량장동,중대형,3층,7.7
경기,김량장동,중대형,4층,7.3
경기,김량장동,중대형,5층,7.2
경기,단대오거리역,중대형,지하1층,8.2
경기,단대오거리역,중대형,1층,34
경기,단대오거리역,중대형,2층,14
경기,단대오거리역,중대형,3층,12
경기,단대오거리역,중대형,4층,10.2
경기,단대오거리역,중대형,5층,10.9
경기,단대오거리역,중대형,6층이상,15.3
경기,동두천중앙로,중대형,지하1층,3.7
경기,동두천중앙로,중대형,1층,17
경기,동두천중앙로,중대형,2층,7.1
경기,동두천중앙로,중대형,3층,5.1
경기,동두천중앙로,중대형,4층,4.3
경기,모란,중대형,지하1층,12.1
경기,모란,중대형,1층,43.2
경기,모란,중대형,2층,17.6
경기,모란,중대형,3층,12.2
경기,모란,중대형,4층,10
경기,모란,중대형,5층,8.3
경기,모란,중대형,6층이상,9.4
경기,병점역,중대형,지하1층,6.4
경기,병점역,중대형,1층,21.8
경기,병점역,중대형,2층,8.6
경기,병점역,중대형,3층,7.9
경기,병점역,중대형,4층,6.8
경기,병점역,중대형,5층,3.6
경기,병점역,중대형,6층이상,5.4
경기,부천역,중대형,지하1층,6.2
경기,부천역,중대형,1층,26.5
경기,부천역,중대형,2층,11.6
경기,부천역,중대형,3층,9
경기,부천역,중대형,4층,7.9
경기,부천역,중대형,5층,6.9
경기,부천역,중대형,6층이상,6.4
경기,분당역세권,중대형,지하1층,10.9
경기,분당역세권,중대형,1층,38.6
경기,분당역세권,중대형,2층,18.2
경기,분당역세권,중대형,3층,13.8
경기,분당역세권,중대형,4층,12.8
경기,분당역세권,중대형,5층,12.9
경기,분당역세권,중대형,6층이상,13.9
경기,성남구시가지,중대형,지하1층,7.9
경기,성남구시가지,중대형,1층,29.4
경기,성남구시가지,중대형,2층,12.6
경기,성남구시가지,중대형,3층,9.5
경기,성남구시가지,중대형,4층,8
경기,성남구시가지,중대형,5층,10.3
경기,수원역,중대형,지하1층,13.3
경기,수원역,중대형,1층,46.4
경기,수원역,중대형,2층,18.1
경기,수원역,중대형,3층,11.6
경기,수원역,중대형,4층,9.7
경기,수원역,중대형,5층,6.1
경기,수원역,중대형,6층이상,5.6
경기,신장/지산/서정,중대형,지하1층,4.8
경기,신장/지산/서정,중대형,1층,17.4
경기,신장/지산/서정,중대형,2층,7.7
경기,신장/지산/서정,중대형,3층,6.7
경기,신장/지산/서정,중대형,4층,6.7
경기,신장/지산/서정,중대형,5층,5.1
경기,신천역,중대형,지하1층,4.6
경기,신천역,중대형,1층,19.3
경기,신천역,중대형,2층,9.2
경기,신천역,중대형,3층,9.1
경기,신천역,중대형,4층,7.7
경기,신천역,중대형,5층,8.3
경기,아주대삼거리,중대형,지하1층,6.9
경기,아주대삼거리,중대형,1층,29.1
경기,아주대삼거리,중대형,2층,12.6
경기,아주대삼거리,중대형,3층,9.2
경기,아주대삼거리,중대형,4층,8.4
경기,아주대삼거리,중대형,5층,7
경기,아주대삼거리,중대형,6층이상,5.6
경기,안성시장,중대형,지하1층,2.7
경기,안성시장,중대형,1층,11.3
경기,안성시장,중대형,2층,5.9
경기,안성시장,중대형,3층,4.7
경기,안성시장,중대형,4층,5.1
경기,안양역,중대형,지하1층,9.5
경기,안양역,중대형,1층,40.3
경기,안양역,중대형,2층,17.1
경기,안양역,중대형,3층,12.3
경기,안양역,중대형,4층,13.1
경기,안양역,중대형,5층,12.1
경기,안양역,중대형,6층이상,10.9
경기,여주시청,중대형,지하1층,4.9
경기,여주시청,중대형,1층,10.9
경기,여주시청,중대형,2층,6.2
경기,여주시청,중대형,3층,4.9
경기,여주시청,중대형,4층,5.3
경기,영통역,중대형,지하1층,6.4
경기,영통역,중대형,1층,25.8
경기,영통역,중대형,2층,10.9
경기,영통역,중대형,3층,8.5
경기,영통역,중대형,4층,8.5
경기,영통역,중대형,5층,7.5
경기,오산시청,중대형,지하1층,5.1
경기,오산시청,중대형,1층,17.3
경기,오산시청,중대형,2층,8.9
경기,오산시청,중대형,3층,4.5
경기,오산시청,중대형,4층,3.6
경기,오산시청,중대형,5층,4.1
경기,용인수지,중대형,지하1층,7.2
경기,용인수지,중대형,1층,30.2
경기,용인수지,중대형,2층,13
경기,용인수지,중대형,3층,9.7
경기,용인수지,중대형,4층,9.2
경기,용인수지,중대형,5층,7.6
경기,용인수지,중대형,6층이상,8
경기,의정부역,중대형,지하1층,7.8
경기,의정부역,중대형,1층,39.4
경기,의정부역,중대형,2층,14.6
경기,의정부역,중대형,3층,10.6
경기,의정부역,중대형,4층,9.6
경기,의정부역,중대형,5층,10.1
경기,의정부역,중대형,6층이상,13.2
경기,이천종합터미널,중대형,지하1층,7.1
경기,이천종합터미널,중대형,1층,17.5
경기,이천종합터미널,중대형,2층,8.9
경기,이천종합터미널,중대형,3층,7.6
경기,이천종합터미널,중대형,4층,7.2
경기,이천종합터미널,중대형,5층,6.7
경기,인계동,중대형,지하1층,6.9
경기,인계동,중대형,1층,24.5
경기,인계동,중대형,2층,11.1
경기,인계동,중대형,3층,8.6
경기,인계동,중대형,4층,8.6
경기,인계동,중대형,5층,9.2
경기,인계동,중대형,6층이상,11
경기,인덕원,중대형,지하1층,9.5
경기,인덕원,중대형,1층,26.6
경기,인덕원,중대형,2층,11.9
경기,인덕원,중대형,3층,11.1
경기,인덕원,중대형,4층,9.5
경기,인덕원,중대형,5층,7.6
경기,탄현역,중대형,지하1층,7.3
경기,탄현역,중대형,1층,30.4
경기,탄현역,중대형,2층,12.6
경기,탄현역,중대형,3층,10
경기,탄현역,중대형,4층,9
경기,탄현역,중대형,5층,7.2
경기,탄현역,중대형,6층이상,5
경기,파주시청,중대형,지하1층,4.9
경기,파주시청,중대형,1층,25.5
경기,파주시청,중대형,2층,11.5
경기,파주시청,중대형,3층,9.9
경기,파주시청,중대형,4층,11.7
경기,파주시청,중대형,5층,12.7
경기,팔달문로터리,중대형,지하1층,4.6
경기,팔달문로터리,중대형,1층,34.2
경기,팔달문로터리,중대형,2층,9.7
경기,팔달문로터리,중대형,3층,7.7
경기,팔달문로터리,중대형,4층,6.7
경기,팔달문로터리,중대형,5층,3.7
경기,평택역,중대형,지하1층,7.2
경기,평택역,중대형,1층,34.3
경기,평택역,중대형,2층,12.3
경기,평택역,중대형,3층,9.3
경기,평택역,중대형,4층,7.8
경기,평택역,중대형,5층,13
경기,포천시외버스터미널,중대형,지하1층,5.1
경기,포천시외버스터미널,중대형,1층,15
경기,포천시외버스터미널,중대형,2층,8
경기,포천시외버스터미널,중대형,3층,7
경기,포천시외버스터미널,중대형,4층,5
경기,포천시외버스터미널,중대형,5층,5.8
경기,하남원도심,중대형,지하1층,9.7
경기,하남원도심,중대형,1층,35.3
경기,하남원도심,중대형,2층,15.2
경기,하남원도심,중대형,3층,13.8
경기,하남원도심,중대형,4층,24.5
강원,강릉교동,중대형,지하1층,5.1
강원,강릉교동,중대형,1층,20.2
강원,강릉교동,중대형,2층,8.5
강원,강릉교동,중대형,3층,6.5
강원,강릉교동,중대형,4층,6.6
강원,강릉교동,중대형,5층,6.1
강원,강릉교동,중대형,6층이상,5.8
강원,강릉중부,중대형,지하1층,3.4
강원,강릉중부,중대형,1층,15.5
강원,강릉중부,중대형,2층,5.8
강원,강릉중부,중대형,3층,4.1
강원,강릉중부,중대형,4층,4.3
강원,강릉중부,중대형,5층,3.9
강원,강릉중부,중대형,6층이상,5.1
강원,묵호항,중대형,지하1층,1.8
강원,묵호항,중대형,1층,9.3
강원,묵호항,중대형,2층,3.9
강원,묵호항,중대형,3층,2.9
강원,묵호항,중대형,4층,3.3
강원,삼척중앙시장,중대형,지하1층,5.1
강원,삼척중앙시장,중대형,1층,16.2
강원,삼척중앙시장,중대형,2층,6.4
강원,삼척중앙시장,중대형,3층,4.7
강원,삼척중앙시장,중대형,4층,4.9
강원,삼척중앙시장,중대형,5층,5.5
강원,속초중앙시장,중대형,지하1층,3.5
강원,속초중앙시장,중대형,1층,17.2
강원,속초중앙시장,중대형,2층,6.3
강원,속초중앙시장,중대형,3층,4
강원,속초중앙시장,중대형,4층,4.4
강원,속초중앙시장,중대형,5층,3.9
강원,영월경찰서,중대형,지하1층,1.8
강원,영월경찰서,중대형,1층,7.4
강원,영월경찰서,중대형,2층,5.2
강원,영월경찰서,중대형,3층,4
강원,영월경찰서,중대형,4층,2.9
강원,원주중앙/일산,중대형,지하1층,3.8
강원,원주중앙/일산,중대형,1층,18.3
강원,원주중앙/일산,중대형,2층,7
강원,원주중앙/일산,중대형,3층,5
강원,원주중앙/일산,중대형,4층,4.4
강원,원주중앙/일산,중대형,5층,4.6
강원,원주중앙/일산,중대형,6층이상,6.8
강원,원주터미널,중대형,1층,19
강원,원주터미널,중대형,2층,9
강원,원주터미널,중대형,3층,7.4
강원,주문진항,중대형,지하1층,2.7
강원,주문진항,중대형,1층,8.6
강원,주문진항,중대형,2층,5.4
강원,주문진항,중대형,3층,3.6
강원,주문진항,중대형,4층,4
강원,춘천명동,중대형,지하1층,5.8
강원,춘천명동,중대형,1층,19.5
강원,춘천명동,중대형,2층,7.4
강원,춘천명동,중대형,3층,5.4
강원,춘천명동,중대형,4층,6
강원,춘천명동,중대형,5층,6.4
강원,춘천명동,중대형,6층이상,5.5
강원,태백중앙시장,중대형,지하1층,2.6
강원,태백중앙시장,중대형,1층,10.3
강원,태백중앙시장,중대형,2층,5.9
강원,태백중앙시장,중대형,3층,5.2
강원,태백중앙시장,중대형,4층,5
충북,봉명사거리,중대형,지하1층,3.6
충북,봉명사거리,중대형,1층,12.3
충북,봉명사거리,중대형,2층,7.2
충북,봉명사거리,중대형,3층,5.6
충북,봉명사거리,중대형,4층,5.8
충북,봉명사거리,중대형,5층,5.6
충북,봉명사거리,중대형,6층이상,5.6
충북,제천역,중대형,지하1층,1.8
충북,제천역,중대형,1층,5.7
충북,제천역,중대형,2층,3.4
충북,제천역,중대형,3층,3.1
충북,제천역,중대형,4층,3.1
충북,제천중앙,중대형,지하1층,3.2
충북,제천중앙,중대형,1층,12
충북,제천중앙,중대형,2층,5.2
충북,제천중앙,중대형,3층,3.7
충북,제천중앙,중대형,4층,3
충북,증평광장로,중대형,지하1층,2.4
충북,증평광장로,중대형,1층,8.7
충북,증평광장로,중대형,2층,4.8
충북,증평광장로,중대형,3층,3.3
충북,증평광장로,중대형,4층,6
충북,청주성안길,중대형,지하1층,6.5
충북,청주성안길,중대형,1층,30.5
충북,청주성안길,중대형,2층,11.7
충북,청주성안길,중대형,3층,6.7
충북,청주성안길,중대형,4층,4.2
충북,청주성안길,중대형,5층,3.8
충북,충북대학교,중대형,지하1층,8.7
충북,충북대학교,중대형,1층,22.7
충북,충북대학교,중대형,2층,11.5
충북,충북대학교,중대형,3층,7.4
충북,충북대학교,중대형,4층,7
충북,충북대학교,중대형,5층,6
충북,충주연수칠금,중대형,지하1층,3.9
충북,충주연수칠금,중대형,1층,16.2
충북,충주연수칠금,중대형,2층,7.5
충북,충주연수칠금,중대형,3층,6.1
충북,충주연수칠금,중대형,4층,6.2
충북,충주연수칠금,중대형,5층,6.9
충북,충주연수칠금,중대형,6층이상,6.5
충북,충주자유시장,중대형,지하1층,2.4
충북,충주자유시장,중대형,1층,9.2
충북,충주자유시장,중대형,2층,4
충북,충주자유시장,중대형,3층,3
충북,충주자유시장,중대형,4층,1.7
충남,강경젓갈시장,중대형,1층,6.2
충남,강경젓갈시장,중대형,2층,2.8
충남,공주대,중대형,지하1층,3.5
충남,공주대,중대형,1층,14.8
충남,공주대,중대형,2층,7.7
충남,공주대,중대형,3층,7.6
충남,공주대,중대형,4층,9.9
충남,공주대,중대형,5층,6.7
충남,공주대,중대형,6층이상,5.7
충남,공주웅진동,중대형,지하1층,3
충남,공주웅진동,중대형,1층,9.7
충남,공주웅진동,중대형,2층,4.7
충남,공주웅진동,중대형,3층,3.3
충남,공주웅진동,중대형,4층,2.9
충남,공주웅진동,중대형,5층,5.3
충남,논산시외버스터미널,중대형,지하1층,2.7
충남,논산시외버스터미널,중대형,1층,12.4
충남,논산시외버스터미널,중대형,2층,5.8
충남,논산시외버스터미널,중대형,3층,4.2
충남,논산시외버스터미널,중대형,4층,4.1
충남,당진시청,중대형,지하1층,7.1
충남,당진시청,중대형,1층,32.1
충남,당진시청,중대형,2층,13.4
충남,당진시청,중대형,3층,7.2
충남,당진시청,중대형,4층,7.6
충남,당진시청,중대형,5층,7.1
충남,두정,중대형,지하1층,3
충남,두정,중대형,1층,15.1
충남,두정,중대형,2층,8.1
충남,두정,중대형,3층,7.5
충남,두정,중대형,4층,5.9
충남,두정,중대형,5층,5.5
충남,두정,중대형,6층이상,5.6
충남,배방읍,중대형,지하1층,5.8
충남,배방읍,중대형,1층,16.1
충남,배방읍,중대형,2층,8.7
충남,배방읍,중대형,3층,7.2
충남,배방읍,중대형,4층,6.2
충남,배방읍,중대형,5층,7.4
충남,보령문화의전당,중대형,지하1층,4.6
충남,보령문화의전당,중대형,1층,17.2
충남,보령문화의전당,중대형,2층,7.9
충남,보령문화의전당,중대형,3층,6.4
충남,보령문화의전당,중대형,4층,5.8
충남,보령문화의전당,중대형,5층,5.1
충남,보령문화의전당,중대형,6층이상,4.9
충남,서산터미널,중대형,지하1층,2.7
충남,서산터미널,중대형,1층,12.8
충남,서산터미널,중대형,2층,5.9
충남,서산터미널,중대형,3층,5.8
충남,서산터미널,중대형,4층,7.2
충남,서산터미널,중대형,5층,8.8
충남,서산터미널,중대형,6층이상,8.9
충남,아산온양,중대형,지하1층,3.7
충남,아산온양,중대형,1층,13.3
충남,아산온양,중대형,2층,5.7
충남,아산온양,중대형,3층,5.5
충남,아산온양,중대형,4층,4.9
충남,아산온양,중대형,5층,7.3
충남,아산온양,중대형,6층이상,6.4
충남,예산시장,중대형,지하1층,2.8
충남,예산시장,중대형,1층,8.2
충남,예산시장,중대형,2층,3.1
충남,예산시장,중대형,3층,3.5
충남,천안역,중대형,지하1층,4.8
충남,천안역,중대형,1층,12.7
충남,천안역,중대형,2층,6.3
충남,천안역,중대형,3층,5.5
충남,천안역,중대형,4층,4.4
충남,천안역,중대형,5층,4.8
충남,천안종합버스터미널,중대형,지하1층,5
충남,천안종합버스터미널,중대형,1층,20.6
충남,천안종합버스터미널,중대형,2층,10.7
충남,천안종합버스터미널,중대형,3층,7.9
충남,천안종합버스터미널,중대형,4층,6
충남,천안종합버스터미널,중대형,5층,7.6
충남,태안터미널,중대형,지하1층,4.1
충남,태안터미널,중대형,1층,10.6
충남,태안터미널,중대형,2층,6.2
충남,태안터미널,중대형,3층,5.6
충남,태안터미널,중대형,4층,2.5
충남,태안터미널,중대형,5층,2.5
충남,합덕버스터미널,중대형,지하1층,2.7
충남,합덕버스터미널,중대형,1층,7.4
충남,합덕버스터미널,중대형,2층,3.9
충남,합덕버스터미널,중대형,3층,3.3
충남,합덕버스터미널,중대형,4층,3.2
전북,군산구도심,중대형,지하1층,1.8
전북,군산구도심,중대형,1층,17.9
전북,군산구도심,중대형,2층,6.6
전북,군산구도심,중대형,3층,5.3
전북,군산구도심,중대형,4층,5.5
전북,군산구도심,중대형,5층,3.7
전북,김제시장,중대형,1층,7.1
전북,김제시장,중대형,2층,3.2
전북,김제시장,중대형,3층,2.6
전북,남원광한루,중대형,지하1층,2.4
전북,남원광한루,중대형,1층,10
전북,남원광한루,중대형,2층,4.2
전북,남원광한루,중대형,3층,3.6
전북,송천동,중대형,지하1층,8.1
전북,송천동,중대형,1층,18.7
전북,송천동,중대형,2층,8.6
전북,송천동,중대형,3층,7.2
전북,송천동,중대형,4층,7.1
전북,영등부송,중대형,지하1층,2.9
전북,영등부송,중대형,1층,20
전북,영등부송,중대형,2층,7.6
전북,영등부송,중대형,3층,5.1
전북,영등부송,중대형,4층,6.1
전북,익산역,중대형,지하1층,2.2
전북,익산역,중대형,1층,9.1
전북,익산역,중대형,2층,3.8
전북,익산역,중대형,3층,2.7
전북,익산역,중대형,4층,2.1
전북,익산역,중대형,5층,1.3
전북,전주동부,중대형,지하1층,4.5
전북,전주동부,중대형,1층,18.1
전북,전주동부,중대형,2층,7.4
전북,전주동부,중대형,3층,5.5
전북,전주동부,중대형,4층,4
전북,전주서부,중대형,지하1층,3.2
전북,전주서부,중대형,1층,13.2
전북,전주서부,중대형,2층,6
전북,전주서부,중대형,3층,5.2
전북,전주서부,중대형,4층,4.8
전북,전주서부,중대형,5층,4.5
전북,전주서부,중대형,6층이상,4.5
전북,전주서부신시가지,중대형,1층,17.4
전북,전주서부신시가지,중대형,2층,8.8
전북,전주서부신시가지,중대형,3층,7.3
전북,전주서부신시가지,중대형,4층,6.5
전북,전주서부신시가지,중대형,5층,6.2
전북,정읍중심,중대형,지하1층,1.8
전북,정읍중심,중대형,1층,11.2
전북,정읍중심,중대형,2층,4.3
전북,정읍중심,중대형,3층,3.2
전북,정읍중심,중대형,4층,2.3
전남,광양읍,중대형,지하1층,1.7
전남,광양읍,중대형,1층,7.5
전남,광양읍,중대형,2층,4.5
전남,광양읍,중대형,3층,2.7
전남,광양읍,중대형,4층,1.9
전남,광양중동,중대형,지하1층,1.7
전남,광양중동,중대형,1층,12.9
전남,광양중동,중대형,2층,6.2
전남,광양중동,중대형,3층,5.4
전남,광양중동,중대형,4층,5.9
전남,광양중동,중대형,5층,5.2
전남,나주구시가지,중대형,지하1층,3.6
전남,나주구시가지,중대형,1층,9.6
전남,나주구시가지,중대형,2층,3.4
전남,나주구시가지,중대형,3층,3
전남,나주구시가지,중대형,4층,4.3
전남,목포구도심,중대형,지하1층,1.9
전남,목포구도심,중대형,1층,8.1
전남,목포구도심,중대형,2층,3.8
전남,목포구도심,중대형,3층,3.2
전남,목포구도심,중대형,4층,2.3
전남,목포구도심,중대형,5층,2.2
전남,목포구도심,중대형,6층이상,2
전남,무선지구,중대형,1층,14
전남,무선지구,중대형,2층,7.4
전남,무선지구,중대형,3층,4.7
전남,순천법원,중대형,1층,16.9
전남,순천법원,중대형,2층,9
전남,순천법원,중대형,3층,7.2
전남,순천법원,중대형,4층,6.9
전남,순천법원,중대형,5층,6.6
전남,순천원도심,중대형,지하1층,2.5
전남,순천원도심,중대형,1층,11.5
전남,순천원도심,중대형,2층,5.2
전남,순천원도심,중대형,3층,3.8
전남,순천원도심,중대형,4층,2.7
전남,순천원도심,중대형,5층,3.3
전남,순천원도심,중대형,6층이상,2.6
전남,여수여문,중대형,지하1층,5.9
전남,여수여문,중대형,1층,14.7
전남,여수여문,중대형,2층,6.3
전남,여수여문,중대형,3층,5.7
전남,여수여문,중대형,4층,5.5
전남,여수여문,중대형,5층,5.8
전남,여수여문,중대형,6층이상,6.6
전남,여수원도심,중대형,지하1층,3.1
전남,여수원도심,중대형,1층,17.9
전남,여수원도심,중대형,2층,7.6
전남,여수원도심,중대형,3층,3.7
전남,여수원도심,중대형,4층,3.6
전남,여수원도심,중대형,5층,2.2
전남,여수원도심,중대형,6층이상,2
전남,여수학동,중대형,지하1층,3.1
전남,여수학동,중대형,1층,14.2
전남,여수학동,중대형,2층,6
전남,여수학동,중대형,3층,4.5
전남,여수학동,중대형,4층,4.5
전남,여수학동,중대형,5층,4.6
전남,조례,중대형,지하1층,4.1
전남,조례,중대형,1층,16.3
전남,조례,중대형,2층,7.1
전남,조례,중대형,3층,6.1
전남,조례,중대형,4층,5.9
전남,조례,중대형,5층,5.4
전남,조례,중대형,6층이상,3.1
전남,하당신도심,중대형,지하1층,2.3
전남,하당신도심,중대형,1층,12.5
전남,하당신도심,중대형,2층,5.8
전남,하당신도심,중대형,3층,3.7
전남,하당신도심,중대형,4층,2.7
전남,하당신도심,중대형,5층,5.9
경북,가흥택지개발지구,중대형,1층,10.1
경북,가흥택지개발지구,중대형,2층,6.2
경북,가흥택지개발지구,중대형,3층,6.4
경북,가흥택지개발지구,중대형,4층,9.7
경북,경주도심,중대형,지하1층,4.1
경북,경주도심,중대형,1층,16.1
경북,경주도심,중대형,2층,7.3
경북,경주도심,중대형,3층,4.9
경북,경주도심,중대형,4층,4.5
경북,경주도심,중대형,5층,5.1
경북,구미산업단지,중대형,1층,13.6
경북,구미산업단지,중대형,2층,5.2
경북,구미산업단지,중대형,3층,3.5
경북,구미산업단지,중대형,4층,4.1
경북,구미선주원남동,중대형,1층,9.8
경북,구미선주원남동,중대형,2층,4.5
경북,구미선주원남동,중대형,3층,3.3
경북,구미선주원남동,중대형,4층,3.4
경북,구미선주원남동,중대형,5층,5.5
경북,구미역,중대형,지하1층,4.2
경북,구미역,중대형,1층,17.9
경북,구미역,중대형,2층,7.8
경북,구미역,중대형,3층,5.4
경북,구미역,중대형,4층,5.6
경북,구미역,중대형,5층,5.7
경북,구미역,중대형,6층이상,9.6
경북,문경점촌흥덕,중대형,지하1층,4.1
경북,문경점촌흥덕,중대형,1층,12.2
경북,문경점촌흥덕,중대형,2층,5.7
경북,문경점촌흥덕,중대형,3층,3.8
경북,문경점촌흥덕,중대형,4층,4.2
경북,상주동문동,중대형,지하1층,2
경북,상주동문동,중대형,1층,12.2
경북,상주동문동,중대형,2층,5.8
경북,상주동문동,중대형,3층,4.2
경북,상주동문동,중대형,4층,4.5
경북,상주동문동,중대형,5층,5.9
경북,안동구도심,중대형,지하1층,3.9
경북,안동구도심,중대형,1층,9.5
경북,안동구도심,중대형,2층,5
경북,안동구도심,중대형,3층,4
경북,안동구도심,중대형,4층,4.8
경북,안동구도심,중대형,5층,6.3
경북,안동구도심,중대형,6층이상,2.2
경북,양덕동,중대형,1층,10.8
경북,양덕동,중대형,2층,5.7
경북,양덕동,중대형,3층,3.9
경북,양덕동,중대형,4층,5.4
경북,영일대해수욕장,중대형,지하1층,3.6
경북,영일대해수욕장,중대형,1층,16.3
경북,영일대해수욕장,중대형,2층,6.7
경북,영일대해수욕장,중대형,3층,4.2
경북,영일대해수욕장,중대형,4층,5.1
경북,영주중앙,중대형,1층,10.6
경북,영주중앙,중대형,2층,4.7
경북,영주중앙,중대형,3층,4.1
경북,옥동사거리,중대형,지하1층,4.1
경북,옥동사거리,중대형,1층,14.9
경북,옥동사거리,중대형,2층,7.1
경북,옥동사거리,중대형,3층,5.4
경북,옥동사거리,중대형,4층,5
경북,옥동사거리,중대형,5층,5.2
경북,포항도심,중대형,지하1층,2.4
경북,포항도심,중대형,1층,13.6
경북,포항도심,중대형,2층,5.7
경북,포항도심,중대형,3층,3.9
경북,포항도심,중대형,4층,4.5
경북,포항도심,중대형,5층,5.7
경북,포항도심,중대형,6층이상,8.1
경남,거제고현,중대형,지하1층,4.4
경남,거제고현,중대형,1층,19.5
경남,거제고현,중대형,2층,7.8
경남,거제고현,중대형,3층,6.2
경남,거제고현,중대형,4층,7.3
경남,거제고현,중대형,5층,4.4
경남,거제고현,중대형,6층이상,5.2
경남,거제옥포,중대형,지하1층,3.4
경남,거제옥포,중대형,1층,16.7
경남,거제옥포,중대형,2층,6.9
경남,거제옥포,중대형,3층,5.2
경남,거제옥포,중대형,4층,5.9
경남,거제옥포,중대형,5층,2.5
경남,김해시청/동상시장,중대형,지하1층,4.3
경남,김해시청/동상시장,중대형,1층,13.2
경남,김해시청/동상시장,중대형,2층,6.6
경남,김해시청/동상시장,중대형,3층,5.2
경남,김해시청/동상시장,중대형,4층,5.9
경남,김해시청/동상시장,중대형,5층,5.5
경남,김해시청/동상시장,중대형,6층이상,5.4
경남,마산동서동,중대형,지하1층,3
경남,마산동서동,중대형,1층,17.6
경남,마산동서동,중대형,2층,6.5
경남,마산동서동,중대형,3층,4.2
경남,마산동서동,중대형,4층,3.8
경남,마산역버스터미널,중대형,지하1층,5.3
경남,마산역버스터미널,중대형,1층,23.5
경남,마산역버스터미널,중대형,2층,8.1
경남,마산역버스터미널,중대형,3층,5.4
경남,마산역버스터미널,중대형,4층,4.4
경남,마산역버스터미널,중대형,5층,3
경남,밀양원도심/삼문동,중대형,1층,11.7
경남,밀양원도심/삼문동,중대형,2층,6.3
경남,밀양원도심/삼문동,중대형,3층,4.2
경남,밀양원도심/삼문동,중대형,4층,3.4
경남,양산구도심,중대형,1층,12
경남,양산구도심,중대형,2층,4.5
경남,양산구도심,중대형,3층,3.9
경남,양산구도심,중대형,4층,3.7
경남,양산구도심,중대형,5층,3.2
경남,진주중앙시장,중대형,지하1층,3.2
경남,진주중앙시장,중대형,1층,15.2
경남,진주중앙시장,중대형,2층,6.8
경남,진주중앙시장,중대형,3층,4.4
경남,진주중앙시장,중대형,4층,3.7
경남,진주중앙시장,중대형,5층,2.8
경남,진주중앙시장,중대형,6층이상,3
경남,진해석동,중대형,1층,16.3
경남,진해석동,중대형,2층,6.6
경남,진해석동,중대형,3층,4.8
경남,창원시청,중대형,지하1층,4.8
경남,창원시청,중대형,1층,17.5
경남,창원시청,중대형,2층,7.2
경남,창원시청,중대형,3층,7.4
경남,창원시청,중대형,4층,7.6
경남,창원시청,중대형,5층,8.2
경남,창원시청,중대형,6층이상,2.7
경남,창원역,중대형,지하1층,3.8
경남,창원역,중대형,1층,11.6
경남,창원역,중대형,2층,6
경남,창원역,중대형,3층,5.7
경남,창원역,중대형,4층,4.5
경남,창원역,중대형,5층,3.7
경남,창원역,중대형,6층이상,4.1
경남,창원월영동,중대형,지하1층,3.8
경남,창원월영동,중대형,1층,14.7
경남,창원월영동,중대형,2층,6.9
경남,창원월영동,중대형,3층,5.1
경남,창원월영동,중대형,4층,4.3
경남,창원월영동,중대형,5층,4.3
경남,창원의창구청,중대형,지하1층,2.5
경남,창원의창구청,중대형,1층,10.5
경남,창원의창구청,중대형,2층,4.8
경남,창원의창구청,중대형,3층,4.2
경남,창원의창구청,중대형,4층,4.5
경남,창원의창구청,중대형,5층,3.1
경남,통영 강구안,중대형,지하1층,4.2
경남,통영 강구안,중대형,1층,15
경남,통영 강구안,중대형,2층,6.3
경남,통영 강구안,중대형,3층,4.9
경남,통영 강구안,중대형,4층,3.3
경남,평거동,중대형,1층,30
경남,평거동,중대형,2층,9.4
경남,평거동,중대형,3층,5.7
경남,평거동,중대형,4층,8
경남,평거동,중대형,5층,8.5
경남,활천동,중대형,1층,9.7
경남,활천동,중대형,2층,4.9
경남,활천동,중대형,3층,4
제주,광양사거리,중대형,지하1층,4.8
제주,광양사거리,중대형,1층,12.9
제주,광양사거리,중대형,2층,6.2
제주,광양사거리,중대형,3층,5.3
제주,광양사거리,중대형,4층,5.3
제주,광양사거리,중대형,5층,5.7
제주,광양사거리,중대형,6층이상,6.2
제주,노형오거리,중대형,지하1층,5.5
제주,노형오거리,중대형,1층,20.1
제주,노형오거리,중대형,2층,9.6
제주,노형오거리,중대형,3층,5.6
제주,노형오거리,중대형,4층,6.6
제주,노형오거리,중대형,5층,6
제주,서귀포도심,중대형,지하1층,3.9
제주,서귀포도심,중대형,1층,12.6
제주,서귀포도심,중대형,2층,6.1
제주,서귀포도심,중대형,3층,4.8
제주,서귀포도심,중대형,4층,4
제주,서귀포도심,중대형,5층,7.3
제주,중앙사거리,중대형,지하1층,2.5
제주,중앙사거리,중대형,1층,10.6
제주,중앙사거리,중대형,2층,4.9
제주,중앙사거리,중대형,3층,4.1
제주,중앙사거리,중대형,4층,4.1
제주,중앙사거리,중대형,5층,4.5
제주,중앙사거리,중대형,6층이상,5.3
서울,남대문,집합,지하1층,137.8
서울,남대문,집합,1층,178.1
서울,남대문,집합,2층,134.6
서울,남대문,집합,3층,107.4
서울,동대문,집합,지하1층,21.9
서울,동대문,집합,1층,95.2
서울,동대문,집합,2층,56.3
서울,동대문,집합,3층,39.3
서울,동대문,집합,4층,26.5
서울,동대문,집합,5층,8.2
서울,동대문,집합,6층이상,7.4
서울,을지로,집합,지하1층,6.6
서울,을지로,집합,1층,50.7
서울,을지로,집합,2층,18.4
서울,을지로,집합,3층,11.4
서울,을지로,집합,4층,6.8
서울,을지로,집합,5층,14.2
서울,을지로,집합,6층이상,14.3
서울,종로,집합,지하1층,16.1
서울,종로,집합,1층,44.7
서울,종로,집합,2층,24.3
서울,종로,집합,3층,18.9
서울,종로,집합,4층,7.4
서울,종로,집합,5층,7.1
서울,종로,집합,6층이상,5.6
서울,강남대로,집합,지하1층,45.6
서울,강남대로,집합,1층,73.1
서울,강남대로,집합,2층,38.1
서울,강남대로,집합,3층,26.5
서울,강남대로,집합,4층,26.5
서울,강남대로,집합,5층,25.1
서울,강남대로,집합,6층이상,24.7
서울,교대역,집합,지하1층,13.4
서울,교대역,집합,1층,37.2
서울,교대역,집합,2층,21.6
서울,교대역,집합,3층,19.6
서울,교대역,집합,4층,16.6
서울,교대역,집합,5층,16.7
서울,교대역,집합,6층이상,9
서울,남부터미널,집합,지하1층,17.6
서울,남부터미널,집합,1층,26.8
서울,남부터미널,집합,2층,18.4
서울,남부터미널,집합,3층,15.3
서울,남부터미널,집합,4층,12.3
서울,남부터미널,집합,5층,14.8
서울,남부터미널,집합,6층이상,16.4
서울,논현역,집합,지하1층,13.3
서울,논현역,집합,1층,54.1
서울,논현역,집합,2층,23.2
서울,논현역,집합,3층,20.6
서울,논현역,집합,4층,19.9
서울,논현역,집합,5층,20
서울,논현역,집합,6층이상,22.8
서울,도산대로,집합,지하1층,18.9
서울,도산대로,집합,1층,62.9
서울,도산대로,집합,2층,34.3
서울,도산대로,집합,3층,33.4
서울,도산대로,집합,4층,25.4
서울,도산대로,집합,5층,25
서울,도산대로,집합,6층이상,26.1
서울,신사역,집합,지하1층,21.5
서울,신사역,집합,1층,70.2
서울,신사역,집합,2층,29.9
서울,신사역,집합,3층,27.1
서울,신사역,집합,4층,27
서울,신사역,집합,5층,24
서울,신사역,집합,6층이상,24.4
서울,압구정,집합,지하1층,19.7
서울,압구정,집합,1층,63
서울,압구정,집합,2층,33
서울,압구정,집합,3층,25.6
서울,압구정,집합,4층,22.5
서울,압구정,집합,5층,18.8
서울,압구정,집합,6층이상,25.7
서울,청담,집합,지하1층,15
서울,청담,집합,1층,72.9
서울,청담,집합,2층,28
서울,청담,집합,3층,16.4
서울,청담,집합,4층,15
서울,청담,집합,5층,14.9
서울,테헤란로,집합,지하1층,15.1
서울,테헤란로,집합,1층,76
서울,테헤란로,집합,2층,28.6
서울,테헤란로,집합,3층,22.6
서울,테헤란로,집합,4층,22.3
서울,테헤란로,집합,5층,23.3
서울,테헤란로,집합,6층이상,22.3
서울,한티역,집합,지하1층,7.9
서울,한티역,집합,1층,56.3
서울,한티역,집합,2층,23.8
서울,한티역,집합,3층,23.4
서울,당산역,집합,지하1층,6.9
서울,당산역,집합,1층,29.9
서울,당산역,집합,2층,14.9
서울,당산역,집합,3층,14.5
서울,당산역,집합,4층,12
서울,당산역,집합,5층,11.5
서울,당산역,집합,6층이상,9.4
서울,신촌/이대,집합,지하1층,15.3
서울,신촌/이대,집합,1층,74.5
서울,신촌/이대,집합,2층,25.9
서울,신촌/이대,집합,3층,21.3
서울,신촌/이대,집합,4층,16.9
서울,신촌/이대,집합,5층,15.8
서울,신촌/이대,집합,6층이상,14.3
서울,여의도,집합,지하1층,8.9
서울,여의도,집합,1층,53.6
서울,여의도,집합,2층,23.2
서울,여의도,집합,3층,19.1
서울,여의도,집합,4층,15.1
서울,여의도,집합,5층,13.7
서울,여의도,집합,6층이상,19
서울,영등포역,집합,지하1층,7.3
서울,영등포역,집합,1층,37.1
서울,영등포역,집합,2층,16
서울,영등포역,집합,3층,10.5
서울,영등포역,집합,4층,12.1
서울,영등포역,집합,5층,9.7
서울,영등포역,집합,6층이상,7.5
서울,홍대/합정,집합,지하1층,26.8
서울,홍대/합정,집합,1층,33.3
서울,홍대/합정,집합,2층,33
서울,홍대/합정,집합,3층,22.6
서울,홍대/합정,집합,4층,18.3
서울,홍대/합정,집합,5층,13.5
서울,홍대/합정,집합,6층이상,9.2
서울,가락시장,집합,지하1층,13.2
서울,가락시장,집합,1층,25.3
서울,가락시장,집합,2층,15
서울,가락시장,집합,3층,9.3
서울,건대입구,집합,지하1층,14.9
서울,건대입구,집합,1층,68.9
서울,건대입구,집합,2층,25.8
서울,건대입구,집합,3층,23
서울,건대입구,집합,4층,24.9
서울,건대입구,집합,5층,23.9
서울,건대입구,집합,6층이상,18.4
서울,노원역,집합,지하1층,19.1
서울,노원역,집합,1층,86.8
서울,노원역,집합,2층,24.6
서울,노원역,집합,3층,20.9
서울,노원역,집합,4층,14.7
서울,노원역,집합,5층,19.6
서울,노원역,집합,6층이상,19.1
서울,명일역,집합,지하1층,5.7
서울,명일역,집합,1층,34.3
서울,명일역,집합,2층,9
서울,명일역,집합,3층,6.8
서울,명일역,집합,4층,8.8
서울,명일역,집합,5층,5.8
서울,명일역,집합,6층이상,8.5
서울,목동,집합,1층,51.9
서울,목동,집합,2층,22.2
서울,목동,집합,3층,18.6
서울,목동,집합,4층,16.6
서울,목동,집합,5층,16.2
서울,목동,집합,6층이상,16.4
서울,불광역,집합,지하1층,20.2
서울,불광역,집합,1층,28.3
서울,불광역,집합,2층,17.5
서울,불광역,집합,3층,15.8
서울,불광역,집합,4층,16.1
서울,불광역,집합,5층,14.3
서울,불광역,집합,6층이상,7.9
서울,사당,집합,지하1층,12.6
서울,사당,집합,1층,67.5
서울,사당,집합,2층,25.7
서울,사당,집합,3층,19
서울,사당,집합,4층,25.5
서울,사당,집합,5층,24.3
서울,사당,집합,6층이상,19.9
서울,서울대입구역,집합,지하1층,15.1
서울,서울대입구역,집합,1층,51.4
서울,서울대입구역,집합,2층,22.5
서울,서울대입구역,집합,3층,20.5
서울,서울대입구역,집합,4층,21.4
서울,서울대입구역,집합,5층,21.4
서울,서울대입구역,집합,6층이상,15.9
서울,성신여대,집합,지하1층,14
서울,성신여대,집합,1층,41.2
서울,성신여대,집합,2층,21.2
서울,성신여대,집합,3층,16.2
서울,성신여대,집합,4층,12.8
서울,성신여대,집합,5층,17
서울,성신여대,집합,6층이상,18.6
서울,수유,집합,지하1층,9.8
서울,수유,집합,1층,48.7
서울,수유,집합,2층,15.7
서울,수유,집합,3층,12.5
서울,수유,집합,4층,11
서울,수유,집합,5층,9.1
서울,수유,집합,6층이상,4
서울,숙명여대,집합,지하1층,12.3
서울,숙명여대,집합,1층,24.3
서울,숙명여대,집합,2층,15.1
서울,숙명여대,집합,3층,14.3
서울,숙명여대,집합,4층,14
서울,숙명여대,집합,5층,14.1
서울,숙명여대,집합,6층이상,14.4
서울,신림역,집합,지하1층,14.1
서울,신림역,집합,1층,43.5
서울,신림역,집합,2층,19.2
서울,신림역,집합,3층,18.4
서울,신림역,집합,4층,10.9
서울,신림역,집합,5층,11.6
서울,신림역,집합,6층이상,7.4
서울,오류동역,집합,지하1층,7.7
서울,오류동역,집합,1층,44
서울,오류동역,집합,2층,17.8
서울,오류동역,집합,3층,19.2
서울,오류동역,집합,4층,7.1
서울,오류동역,집합,5층,9.6
서울,오류동역,집합,6층이상,8.1
서울,용산역,집합,지하1층,14.9
서울,용산역,집합,1층,23.3
서울,용산역,집합,2층,18.1
서울,용산역,집합,3층,16.5
서울,용산역,집합,4층,16.5
서울,용산역,집합,5층,16.3
서울,잠실/송파,집합,지하1층,11
서울,잠실/송파,집합,1층,33.4
서울,잠실/송파,집합,2층,16.8
서울,잠실/송파,집합,3층,13.5
서울,잠실/송파,집합,4층,12.2
서울,잠실/송파,집합,5층,11.3
서울,잠실/송파,집합,6층이상,12.2
서울,잠실새내역,집합,지하1층,15.4
서울,잠실새내역,집합,1층,60.8
서울,잠실새내역,집합,2층,26.8
서울,잠실새내역,집합,3층,22
서울,잠실새내역,집합,4층,20.9
서울,잠실새내역,집합,5층,21
서울,잠실새내역,집합,6층이상,17
서울,장안동,집합,지하1층,9.1
서울,장안동,집합,1층,38.2
서울,장안동,집합,2층,15.4
서울,장안동,집합,3층,9.9
서울,장안동,집합,4층,8.4
서울,장안동,집합,5층,7.7
서울,장안동,집합,6층이상,10.2
서울,천호,집합,지하1층,6.7
서울,천호,집합,1층,50.5
서울,천호,집합,2층,18.8
서울,천호,집합,3층,15
서울,천호,집합,4층,11.7
서울,천호,집합,5층,12.7
서울,천호,집합,6층이상,9.4
서울,청량리,집합,지하1층,8.1
서울,청량리,집합,1층,41.8
서울,청량리,집합,2층,20
서울,청량리,집합,3층,12.4
서울,청량리,집합,4층,10.2
서울,청량리,집합,5층,11.6
서울,청량리,집합,6층이상,8.5
서울,혜화동,집합,지하1층,17.5
서울,혜화동,집합,1층,35
서울,혜화동,집합,2층,13.2
서울,혜화동,집합,3층,10.8
서울,혜화동,집합,4층,11.5
서울,혜화동,집합,5층,10.6
서울,혜화동,집합,6층이상,12.5
서울,화곡,집합,지하1층,6.4
서울,화곡,집합,1층,33.5
서울,화곡,집합,2층,14
서울,화곡,집합,3층,11.4
서울,화곡,집합,4층,8.6
서울,화곡,집합,5층,10.1
서울,화곡,집합,6층이상,7.5
부산,광안리,집합,지하1층,9.8
부산,광안리,집합,1층,33.5
부산,광안리,집합,2층,12.4
부산,광안리,집합,3층,13.5
부산,광안리,집합,4층,13.9
부산,광안리,집합,5층,10.8
부산,광안리,집합,6층이상,8.6
부산,남포동,집합,지하1층,7
부산,남포동,집합,1층,43.5
부산,남포동,집합,2층,18
부산,남포동,집합,3층,12.8
부산,남포동,집합,4층,11.9
부산,남포동,집합,5층,13
부산,남포동,집합,6층이상,9.9
부산,동래역,집합,지하1층,12.1
부산,동래역,집합,1층,29.3
부산,동래역,집합,2층,13.6
부산,동래역,집합,3층,9.1
부산,동래역,집합,4층,11.2
부산,동래역,집합,5층,8.4
부산,동래역,집합,6층이상,9.1
부산,명지국제도시,집합,1층,24.6
부산,명지국제도시,집합,2층,8.4
부산,명지국제도시,집합,3층,6.7
부산,명지국제도시,집합,4층,6.5
부산,명지국제도시,집합,5층,6.3
부산,명지국제도시,집합,6층이상,6.1
부산,민락공원,집합,지하1층,3.2
부산,민락공원,집합,1층,22.4
부산,민락공원,집합,2층,9.8
부산,민락공원,집합,3층,9.3
부산,민락공원,집합,4층,8.8
부산,민락공원,집합,5층,8.3
부산,민락공원,집합,6층이상,7.5
부산,부전시장,집합,지하1층,15
부산,부전시장,집합,1층,57
부산,부전시장,집합,2층,20
부산,부전시장,집합,3층,18.9
부산,부전시장,집합,4층,7.3
부산,부전시장,집합,5층,14
부산,부전시장,집합,6층이상,13.5
부산,사상역,집합,지하1층,7
부산,사상역,집합,1층,9.7
부산,사상역,집합,2층,4.1
부산,사상역,집합,3층,11.3
부산,사상역,집합,4층,9.8
부산,사상역,집합,5층,9.8
부산,사상역,집합,6층이상,8.4
부산,서면/전포,집합,지하1층,5.5
부산,서면/전포,집합,1층,34
부산,서면/전포,집합,2층,17.3
부산,서면/전포,집합,3층,18
부산,서면/전포,집합,4층,15.4
부산,서면/전포,집합,5층,16.2
부산,서면/전포,집합,6층이상,14
부산,연산로터리,집합,지하1층,4.2
부산,연산로터리,집합,1층,23.3
부산,연산로터리,집합,2층,9.7
부산,연산로터리,집합,3층,7.6
부산,연산로터리,집합,4층,8.3
부산,연산로터리,집합,5층,8.1
부산,연산로터리,집합,6층이상,8
부산,온천장,집합,지하1층,3
부산,온천장,집합,1층,12.6
부산,온천장,집합,2층,6.1
부산,온천장,집합,3층,6.7
부산,온천장,집합,4층,6.5
부산,온천장,집합,5층,6.5
부산,온천장,집합,6층이상,5.3
부산,정관신도시,집합,지하1층,14.6
부산,정관신도시,집합,1층,26
부산,정관신도시,집합,2층,11.4
부산,정관신도시,집합,3층,8.8
부산,정관신도시,집합,4층,6.3
부산,정관신도시,집합,5층,5.2
부산,정관신도시,집합,6층이상,4.2
부산,해운대,집합,지하1층,6.5
부산,해운대,집합,1층,35.5
부산,해운대,집합,2층,13.9
부산,해운대,집합,3층,10.5
부산,해운대,집합,4층,8
부산,해운대,집합,5층,8
부산,해운대,집합,6층이상,6.9
부산,현대백화점주변,집합,지하1층,5.5
부산,현대백화점주변,집합,1층,25.7
부산,현대백화점주변,집합,2층,8.5
부산,현대백화점주변,집합,3층,8.3
부산,현대백화점주변,집합,4층,6.7
부산,현대백화점주변,집합,5층,6.4
부산,현대백화점주변,집합,6층이상,6.5
부산,화명역,집합,지하1층,5.8
부산,화명역,집합,1층,40.3
부산,화명역,집합,2층,10.9
부산,화명역,집합,3층,8.9
부산,화명역,집합,4층,7.3
부산,화명역,집합,5층,6.6
부산,화명역,집합,6층이상,5.8
대구,계명대,집합,지하1층,5.7
대구,계명대,집합,1층,23.7
대구,계명대,집합,2층,9.2
대구,계명대,집합,3층,6.7
대구,계명대,집합,4층,7.5
대구,계명대,집합,5층,5.7
대구,계명대,집합,6층이상,4.8
대구,대구혁신도시,집합,1층,19.5
대구,대구혁신도시,집합,2층,6
대구,대구혁신도시,집합,3층,5.6
대구,대구혁신도시,집합,4층,5.7
대구,대구혁신도시,집합,5층,5.6
대구,동성로중심,집합,지하1층,2.2
대구,동성로중심,집합,1층,29.3
대구,동성로중심,집합,2층,10.6
대구,동성로중심,집합,3층,4.8
대구,동성로중심,집합,4층,11.6
대구,동성로중심,집합,5층,8.1
대구,동성로중심,집합,6층이상,9.8
대구,상인/월배,집합,지하1층,1.5
대구,상인/월배,집합,1층,24.7
대구,상인/월배,집합,2층,9.1
대구,상인/월배,집합,3층,8.9
대구,상인/월배,집합,4층,12
대구,상인/월배,집합,5층,9.5
대구,상인/월배,집합,6층이상,7
대구,서문시장/청라언덕,집합,지하1층,6.8
대구,서문시장/청라언덕,집합,1층,25.9
대구,서문시장/청라언덕,집합,2층,8.2
대구,서문시장/청라언덕,집합,3층,7.6
대구,서문시장/청라언덕,집합,4층,7.3
대구,서문시장/청라언덕,집합,5층,6.3
대구,서문시장/청라언덕,집합,6층이상,3.8
대구,수성범어,집합,지하1층,3.3
대구,수성범어,집합,1층,20.3
대구,수성범어,집합,2층,14.6
대구,수성범어,집합,3층,10
대구,수성범어,집합,4층,9.3
대구,수성범어,집합,5층,10.1
대구,수성범어,집합,6층이상,9.1
대구,시지지구,집합,지하1층,4.8
대구,시지지구,집합,1층,20.1
대구,시지지구,집합,2층,7.7
대구,시지지구,집합,3층,6.5
대구,시지지구,집합,4층,5.3
대구,시지지구,집합,5층,5.3
대구,시지지구,집합,6층이상,4.2
대구,이시아폴리스,집합,1층,19.2
대구,이시아폴리스,집합,2층,6.9
대구,이시아폴리스,집합,3층,5.8
대구,이시아폴리스,집합,4층,5.1
대구,이시아폴리스,집합,5층,4.6
대구,이시아폴리스,집합,6층이상,4.7
대구,죽전,집합,지하1층,2.5
대구,죽전,집합,1층,18
대구,죽전,집합,2층,5.5
대구,죽전,집합,3층,5.4
대구,죽전,집합,4층,8.8
대구,죽전,집합,5층,8.5
대구,칠곡,집합,지하1층,4.8
대구,칠곡,집합,1층,31.5
대구,칠곡,집합,2층,7.8
대구,칠곡,집합,3층,6.8
대구,칠곡,집합,4층,5.8
대구,칠곡,집합,5층,4.7
대구,칠곡,집합,6층이상,4.6
대구,현풍테크노폴리스,집합,1층,20.5
대구,현풍테크노폴리스,집합,2층,6.1
대구,현풍테크노폴리스,집합,3층,6.4
대구,현풍테크노폴리스,집합,4층,5.5
대구,현풍테크노폴리스,집합,5층,5
대구,현풍테크노폴리스,집합,6층이상,5.2
인천,간석오거리,집합,지하1층,3.1
인천,간석오거리,집합,1층,21.6
인천,간석오거리,집합,2층,6.8
인천,간석오거리,집합,3층,5.4
인천,간석오거리,집합,4층,5.9
인천,간석오거리,집합,5층,4.5
인천,간석오거리,집합,6층이상,5.4
인천,계양계산,집합,1층,24
인천,계양계산,집합,2층,8.6
인천,계양계산,집합,3층,6
인천,계양계산,집합,4층,6
인천,계양계산,집합,5층,5.4
인천,계양계산,집합,6층이상,4.4
인천,구월,집합,지하1층,8.9
인천,구월,집합,1층,36.4
인천,구월,집합,2층,10.5
인천,구월,집합,3층,9.5
인천,구월,집합,4층,8.8
인천,구월,집합,5층,8
인천,구월,집합,6층이상,6.6
인천,부평,집합,지하1층,2.9
인천,부평,집합,1층,29.9
인천,부평,집합,2층,12.8
인천,부평,집합,3층,10.8
인천,부평,집합,4층,9.1
인천,부평,집합,5층,9
인천,부평,집합,6층이상,8.1
인천,송도,집합,지하1층,20.2
인천,송도,집합,1층,32.3
인천,송도,집합,2층,11.3
인천,송도,집합,3층,9.6
인천,송도,집합,4층,6.7
인천,송도,집합,5층,8.4
인천,송도,집합,6층이상,7.9
인천,신포동,집합,지하1층,2.2
인천,신포동,집합,1층,8.5
인천,신포동,집합,2층,6.2
인천,신포동,집합,3층,5.1
인천,신포동,집합,4층,5.4
인천,신포동,집합,5층,4.4
인천,신포동,집합,6층이상,6.4
인천,영종,집합,1층,35.4
인천,영종,집합,2층,11.2
인천,영종,집합,3층,10
인천,영종,집합,4층,9.1
인천,영종,집합,5층,8.7
인천,영종,집합,6층이상,8
인천,인천논현역,집합,1층,36.2
인천,인천논현역,집합,2층,9.9
인천,인천논현역,집합,3층,8.2
인천,인천논현역,집합,4층,7
인천,인천논현역,집합,5층,6.6
인천,인천논현역,집합,6층이상,6.1
인천,주안,집합,지하1층,4.4
인천,주안,집합,1층,20.9
인천,주안,집합,2층,7.8
인천,주안,집합,3층,6.2
인천,주안,집합,4층,5.4
인천,주안,집합,5층,5.3
인천,주안,집합,6층이상,5
인천,청라국제도시,집합,지하1층,22.8
인천,청라국제도시,집합,1층,27
인천,청라국제도시,집합,2층,10.3
인천,청라국제도시,집합,3층,8.4
인천,청라국제도시,집합,4층,7.3
인천,청라국제도시,집합,5층,6.7
인천,청라국제도시,집합,6층이상,7
광주,금남로/충장로,집합,지하1층,5.5
광주,금남로/충장로,집합,1층,24.9
광주,금남로/충장로,집합,2층,10.2
광주,금남로/충장로,집합,3층,9.4
광주,금남로/충장로,집합,4층,5.8
광주,금남로/충장로,집합,5층,7.8
광주,금남로/충장로,집합,6층이상,7.1
광주,봉선동,집합,지하1층,4.9
광주,봉선동,집합,1층,17.5
광주,봉선동,집합,2층,9.7
광주,봉선동,집합,3층,9
광주,봉선동,집합,4층,6.6
광주,상무지구,집합,지하1층,6.5
광주,상무지구,집합,1층,26.5
광주,상무지구,집합,2층,10.5
광주,상무지구,집합,3층,8.6
광주,상무지구,집합,4층,8.2
광주,상무지구,집합,5층,7.8
광주,상무지구,집합,6층이상,7.8
광주,송정동지구,집합,1층,18.6
광주,송정동지구,집합,2층,8.1
광주,송정동지구,집합,3층,7.5
광주,송정동지구,집합,4층,5.9
광주,수완지구,집합,1층,27.2
광주,수완지구,집합,2층,11
광주,수완지구,집합,3층,8.8
광주,수완지구,집합,4층,7.9
광주,수완지구,집합,5층,6.8
광주,수완지구,집합,6층이상,6
광주,첨단1지구,집합,지하1층,3.6
광주,첨단1지구,집합,1층,19
광주,첨단1지구,집합,2층,4.1
광주,첨단1지구,집합,3층,3.7
광주,첨단1지구,집합,4층,5.9
광주,첨단1지구,집합,5층,7
광주,첨단2지구,집합,1층,18.1
광주,첨단2지구,집합,2층,7.8
광주,첨단2지구,집합,3층,6.6
광주,첨단2지구,집합,4층,6.7
광주,첨단2지구,집합,5층,4.9
광주,첨단2지구,집합,6층이상,4.9
대전,가수원,집합,1층,20.4
대전,가수원,집합,2층,8.8
대전,가수원,집합,3층,7.5
대전,가수원,집합,4층,6.8
대전,가수원,집합,5층,5.8
대전,가수원,집합,6층이상,7.3
대전,노은,집합,지하1층,4.1
대전,노은,집합,1층,23.6
대전,노은,집합,2층,7.3
대전,노은,집합,3층,6
대전,노은,집합,4층,5.1
대전,노은,집합,5층,4.7
대전,노은,집합,6층이상,4.5
대전,대전동구청,집합,1층,28.4
대전,대전동구청,집합,2층,8.3
대전,대전동구청,집합,3층,6.4
대전,대전동구청,집합,4층,5.8
대전,대전동구청,집합,5층,5.4
대전,대전동구청,집합,6층이상,4.9
대전,동춘당공원,집합,지하1층,3.1
대전,동춘당공원,집합,1층,20.7
대전,동춘당공원,집합,2층,8.8
대전,동춘당공원,집합,3층,6.2
대전,동춘당공원,집합,4층,5.4
대전,동춘당공원,집합,5층,4.6
대전,동춘당공원,집합,6층이상,4.1
대전,둔산,집합,지하1층,6.6
대전,둔산,집합,1층,22.3
대전,둔산,집합,2층,10.5
대전,둔산,집합,3층,8.6
대전,둔산,집합,4층,7.4
대전,둔산,집합,5층,7.2
대전,둔산,집합,6층이상,6.5
대전,목원대,집합,1층,17.5
대전,목원대,집합,2층,8.7
대전,목원대,집합,3층,7
대전,목원대,집합,4층,7.7
대전,목원대,집합,5층,7.2
대전,목원대,집합,6층이상,8.4
대전,유성온천역,집합,지하1층,3.7
대전,유성온천역,집합,1층,28.4
대전,유성온천역,집합,2층,9.8
대전,유성온천역,집합,3층,9.2
대전,유성온천역,집합,4층,7.1
대전,유성온천역,집합,5층,6.4
대전,유성온천역,집합,6층이상,3.3
울산,삼산동,집합,지하1층,4
울산,삼산동,집합,1층,24.6
울산,삼산동,집합,2층,16.1
울산,삼산동,집합,3층,14.8
울산,삼산동,집합,4층,16.1
울산,삼산동,집합,5층,13.7
울산,삼산동,집합,6층이상,15.3
울산,성남옥교동,집합,지하1층,7.4
울산,성남옥교동,집합,1층,20.4
울산,성남옥교동,집합,2층,10.4
울산,성남옥교동,집합,3층,7.4
울산,성남옥교동,집합,4층,7
울산,성남옥교동,집합,5층,6.4
울산,성남옥교동,집합,6층이상,5.3
울산,신정동,집합,지하1층,3.4
울산,신정동,집합,1층,19.3
울산,신정동,집합,2층,9.8
울산,신정동,집합,3층,8.4
울산,신정동,집합,4층,7.8
울산,신정동,집합,5층,10.2
울산,신정동,집합,6층이상,9.7
울산,울산농소,집합,지하1층,4.3
울산,울산농소,집합,1층,18
울산,울산농소,집합,2층,6.2
울산,울산농소,집합,3층,6.4
울산,울산농소,집합,4층,4.6
울산,전하동,집합,지하1층,4.8
울산,전하동,집합,1층,20.1
울산,전하동,집합,2층,10.5
울산,전하동,집합,3층,7.1
울산,전하동,집합,4층,6.3
울산,전하동,집합,5층,4.1
세종,나성한솔동,집합,1층,16.8
세종,나성한솔동,집합,2층,7
세종,나성한솔동,집합,3층,5
세종,나성한솔동,집합,4층,5.6
세종,나성한솔동,집합,5층,4.5
세종,나성한솔동,집합,6층이상,5.1
세종,세종정부청사,집합,1층,31.6
세종,세종정부청사,집합,2층,11.4
세종,세종정부청사,집합,3층,8.5
세종,세종정부청사,집합,4층,7.9
세종,세종정부청사,집합,5층,8.2
세종,세종정부청사,집합,6층이상,7.4
경기,고양시청,집합,지하1층,7
경기,고양시청,집합,1층,31.9
경기,고양시청,집합,2층,8.8
경기,고양시청,집합,3층,6.2
경기,고양시청,집합,4층,6.4
경기,고양시청,집합,5층,6
경기,고양시청,집합,6층이상,5.6
경기,고잔신도시,집합,1층,21.3
경기,고잔신도시,집합,2층,8.7
경기,고잔신도시,집합,3층,7
경기,고잔신도시,집합,4층,6.5
경기,고잔신도시,집합,5층,6.6
경기,고잔신도시,집합,6층이상,6.7
경기,광교중앙역,집합,지하1층,18.9
경기,광교중앙역,집합,1층,20
경기,광교중앙역,집합,2층,12.3
경기,광교중앙역,집합,3층,9.4
경기,광교중앙역,집합,4층,9.3
경기,광교중앙역,집합,5층,8.7
경기,광명철산,집합,지하1층,9.3
경기,광명철산,집합,1층,45.5
경기,광명철산,집합,2층,15.7
경기,광명철산,집합,3층,10.9
경기,광명철산,집합,4층,10.4
경기,광명철산,집합,5층,10.6
경기,광명철산,집합,6층이상,9.1
경기,금릉역,집합,1층,31.4
경기,금릉역,집합,2층,10.5
경기,금릉역,집합,3층,7.1
경기,금릉역,집합,4층,7
경기,금릉역,집합,5층,6.9
경기,금릉역,집합,6층이상,7.1
경기,김포한강구래,집합,1층,34.6
경기,김포한강구래,집합,2층,11.6
경기,김포한강구래,집합,3층,9.9
경기,김포한강구래,집합,4층,7.8
경기,김포한강구래,집합,5층,7.9
경기,김포한강구래,집합,6층이상,6.7
경기,김포한강장기,집합,1층,33.1
경기,김포한강장기,집합,2층,12.5
경기,김포한강장기,집합,3층,10.2
경기,김포한강장기,집합,4층,9.1
경기,김포한강장기,집합,5층,8.4
경기,김포한강장기,집합,6층이상,7.5
경기,남양주다산,집합,지하1층,8.6
경기,남양주다산,집합,1층,32.7
경기,남양주다산,집합,2층,13.2
경기,남양주다산,집합,3층,10.8
경기,남양주다산,집합,4층,10.3
경기,남양주다산,집합,5층,9.9
경기,남양주별내,집합,지하1층,37.5
경기,남양주별내,집합,1층,32.8
경기,남양주별내,집합,2층,10.5
경기,남양주별내,집합,3층,9.2
경기,남양주별내,집합,4층,8.2
경기,남양주별내,집합,5층,7.6
경기,남양주별내,집합,6층이상,7
경기,동백지구,집합,1층,28.1
경기,동백지구,집합,2층,7.8
경기,동백지구,집합,3층,6.7
경기,동백지구,집합,4층,6.2
경기,동백지구,집합,5층,6.1
경기,동백지구,집합,6층이상,5.6
경기,동탄2신도시,집합,1층,36.4
경기,동탄2신도시,집합,2층,14.7
경기,동탄2신도시,집합,3층,10.8
경기,동탄2신도시,집합,4층,9.4
경기,동탄2신도시,집합,5층,9.2
경기,동탄2신도시,집합,6층이상,8.8
경기,동탄센트럴파크,집합,1층,32.9
경기,동탄센트럴파크,집합,2층,10
경기,동탄센트럴파크,집합,3층,7.5
경기,동탄센트럴파크,집합,4층,5.8
경기,동탄센트럴파크,집합,5층,8.3
경기,동탄센트럴파크,집합,6층이상,6.1
경기,모란,집합,지하1층,12.4
경기,모란,집합,1층,33.3
경기,모란,집합,2층,14.7
경기,모란,집합,3층,13.2
경기,모란,집합,4층,11
경기,모란,집합,5층,10.9
경기,모란,집합,6층이상,10.7
경기,미사지구,집합,지하1층,7.8
경기,미사지구,집합,1층,38
경기,미사지구,집합,2층,11.9
경기,미사지구,집합,3층,10.7
경기,미사지구,집합,4층,10.3
경기,미사지구,집합,5층,10.3
경기,미사지구,집합,6층이상,10
경기,배곧신도시,집합,1층,20.2
경기,배곧신도시,집합,2층,9.7
경기,배곧신도시,집합,3층,7
경기,배곧신도시,집합,4층,7.3
경기,배곧신도시,집합,5층,6.9
경기,배곧신도시,집합,6층이상,6
경기,범계학원가,집합,지하1층,5.2
경기,범계학원가,집합,1층,22.4
경기,범계학원가,집합,2층,11.5
경기,범계학원가,집합,3층,9.9
경기,범계학원가,집합,4층,11.1
경기,범계학원가,집합,5층,11.5
경기,범계학원가,집합,6층이상,10.4
경기,병점역,집합,지하1층,6.1
경기,병점역,집합,1층,20.3
경기,병점역,집합,2층,8.1
경기,병점역,집합,3층,5.8
경기,병점역,집합,4층,5.1
경기,병점역,집합,5층,4.6
경기,병점역,집합,6층이상,4.2
경기,부천역,집합,지하1층,7.3
경기,부천역,집합,1층,35.4
경기,부천역,집합,2층,12.6
경기,부천역,집합,3층,7.3
경기,부천역,집합,4층,7.2
경기,부천역,집합,5층,5.9
경기,부천역,집합,6층이상,5.7
경기,분당역세권,집합,지하1층,7.1
경기,분당역세권,집합,1층,49.3
경기,분당역세권,집합,2층,13.5
경기,분당역세권,집합,3층,11.5
경기,분당역세권,집합,4층,10.9
경기,분당역세권,집합,5층,10.5
경기,분당역세권,집합,6층이상,9.6
경기,산본역,집합,지하1층,5.3
경기,산본역,집합,1층,45.5
경기,산본역,집합,2층,17
경기,산본역,집합,3층,10.5
경기,산본역,집합,4층,9.4
경기,산본역,집합,5층,9.1
경기,산본역,집합,6층이상,7.3
경기,상록수역,집합,지하1층,7.5
경기,상록수역,집합,1층,34.4
경기,상록수역,집합,2층,14.4
경기,상록수역,집합,3층,10.3
경기,상록수역,집합,4층,7.9
경기,상록수역,집합,5층,6.2
경기,상록수역,집합,6층이상,6.9
경기,상중동,집합,지하1층,7.3
경기,상중동,집합,1층,34.6
경기,상중동,집합,2층,11.8
경기,상중동,집합,3층,9.6
경기,상중동,집합,4층,6.6
경기,상중동,집합,5층,5.9
경기,상중동,집합,6층이상,5
경기,상현역,집합,1층,32.2
경기,상현역,집합,2층,12.4
경기,상현역,집합,3층,11.9
경기,상현역,집합,4층,10.3
경기,상현역,집합,5층,9
경기,상현역,집합,6층이상,8.3
경기,서판교,집합,1층,30.8
경기,서판교,집합,2층,12.7
경기,서판교,집합,3층,11.5
경기,서판교,집합,4층,11.3
경기,서판교,집합,5층,10.9
경기,서판교,집합,6층이상,10.1
경기,선부다이아몬드,집합,1층,22.2
경기,선부다이아몬드,집합,2층,8.2
경기,선부다이아몬드,집합,3층,5.9
경기,선부다이아몬드,집합,4층,5.9
경기,선부다이아몬드,집합,5층,4.6
경기,선부다이아몬드,집합,6층이상,5.2
경기,성남구시가지,집합,지하1층,3
경기,성남구시가지,집합,1층,33
경기,성남구시가지,집합,2층,11.2
경기,성남구시가지,집합,3층,7.8
경기,성남구시가지,집합,4층,7
경기,성남구시가지,집합,5층,8.3
경기,성남구시가지,집합,6층이상,5.2
경기,송내역,집합,지하1층,3.9
경기,송내역,집합,1층,25
경기,송내역,집합,2층,8.8
경기,송내역,집합,3층,6.9
경기,송내역,집합,4층,6.2
경기,송내역,집합,5층,5.5
경기,송내역,집합,6층이상,4.3
경기,수원역,집합,지하1층,9.7
경기,수원역,집합,1층,28.8
경기,수원역,집합,2층,11.6
경기,수원역,집합,3층,12.1
경기,수원역,집합,4층,11.6
경기,수원역,집합,5층,7.5
경기,수원역,집합,6층이상,9.7
경기,시흥시립도서관,집합,1층,16.9
경기,시흥시립도서관,집합,2층,5.5
경기,시흥시립도서관,집합,3층,4.4
경기,시흥시립도서관,집합,4층,3.8
경기,시흥시립도서관,집합,5층,3.2
경기,안산중앙역,집합,지하1층,7.7
경기,안산중앙역,집합,1층,41
경기,안산중앙역,집합,2층,12.2
경기,안산중앙역,집합,3층,10
경기,안산중앙역,집합,4층,9.5
경기,안산중앙역,집합,5층,10.3
경기,안산중앙역,집합,6층이상,8.5
경기,안성시장,집합,1층,22.3
경기,안성시장,집합,2층,11.1
경기,안성시장,집합,3층,9.6
경기,안성시장,집합,4층,8.5
경기,안성시장,집합,5층,8.4
경기,안성시장,집합,6층이상,5.8
경기,안양역,집합,지하1층,8.4
경기,안양역,집합,1층,44.1
경기,안양역,집합,2층,16
경기,안양역,집합,3층,12.8
경기,안양역,집합,4층,9.6
경기,안양역,집합,5층,7.8
경기,안양역,집합,6층이상,8
경기,야탑역,집합,지하1층,6.5
경기,야탑역,집합,1층,34
경기,야탑역,집합,2층,14.4
경기,야탑역,집합,3층,8.2
경기,야탑역,집합,4층,7.3
경기,야탑역,집합,5층,7.2
경기,야탑역,집합,6층이상,7
경기,역곡역,집합,1층,22.7
경기,역곡역,집합,2층,10.8
경기,역곡역,집합,3층,8.5
경기,역곡역,집합,4층,7.7
경기,역곡역,집합,5층,7.3
경기,역곡역,집합,6층이상,6.7
경기,오산시청,집합,1층,26
경기,오산시청,집합,2층,7.8
경기,오산시청,집합,3층,5.6
경기,오산시청,집합,4층,5.2
경기,오산시청,집합,5층,5.2
경기,오산시청,집합,6층이상,5
경기,용인수지,집합,지하1층,4.1
경기,용인수지,집합,1층,28.1
경기,용인수지,집합,2층,9.8
경기,용인수지,집합,3층,8.5
경기,용인수지,집합,4층,7.8
경기,용인수지,집합,5층,7.3
경기,용인수지,집합,6층이상,5.8
경기,월피다이아몬드,집합,지하1층,5
경기,월피다이아몬드,집합,1층,22.3
경기,월피다이아몬드,집합,2층,10.2
경기,월피다이아몬드,집합,3층,5.8
경기,월피다이아몬드,집합,4층,5.2
경기,월피다이아몬드,집합,5층,4.9
경기,위례신도시,집합,지하1층,9.2
경기,위례신도시,집합,1층,26.1
경기,위례신도시,집합,2층,9.9
경기,위례신도시,집합,3층,9
경기,위례신도시,집합,4층,8.7
경기,위례신도시,집합,5층,8.3
경기,위례신도시,집합,6층이상,8.8
경기,의정부민락,집합,1층,28.7
경기,의정부민락,집합,2층,9.3
경기,의정부민락,집합,3층,7.8
경기,의정부민락,집합,4층,6.8
경기,의정부민락,집합,5층,7
경기,의정부민락,집합,6층이상,7.4
경기,의정부역,집합,1층,32.2
경기,의정부역,집합,2층,11.9
경기,의정부역,집합,3층,11.5
경기,의정부역,집합,4층,8.5
경기,의정부역,집합,5층,7.7
경기,의정부역,집합,6층이상,7.3
경기,이천종합터미널,집합,지하1층,8.4
경기,이천종합터미널,집합,1층,18.6
경기,이천종합터미널,집합,2층,8
경기,이천종합터미널,집합,3층,7
경기,이천종합터미널,집합,4층,6.6
경기,이천종합터미널,집합,5층,6.5
경기,이천종합터미널,집합,6층이상,6
경기,인계동,집합,1층,23.8
경기,인계동,집합,2층,9.2
경기,인계동,집합,3층,8
경기,인계동,집합,4층,7.6
경기,인계동,집합,5층,7
경기,인계동,집합,6층이상,6.9
경기,일산라페스타,집합,지하1층,6.9
경기,일산라페스타,집합,1층,26.2
경기,일산라페스타,집합,2층,8.3
경기,일산라페스타,집합,3층,7.2
경기,일산라페스타,집합,4층,6.3
경기,일산라페스타,집합,5층,6.3
경기,일산라페스타,집합,6층이상,6.5
경기,죽전카페거리,집합,지하1층,4.5
경기,죽전카페거리,집합,1층,44.1
경기,죽전카페거리,집합,2층,11.3
경기,죽전카페거리,집합,3층,8.8
경기,죽전카페거리,집합,4층,8.3
경기,죽전카페거리,집합,5층,8.1
경기,죽전카페거리,집합,6층이상,7.5
경기,탄현역,집합,지하1층,3.7
경기,탄현역,집합,1층,17.6
경기,탄현역,집합,2층,6.8
경기,탄현역,집합,3층,6.5
경기,탄현역,집합,4층,6.4
경기,탄현역,집합,5층,7
경기,탄현역,집합,6층이상,5.6
경기,파주시청,집합,지하1층,3.5
경기,파주시청,집합,1층,15.5
경기,파주시청,집합,2층,5.6
경기,파주시청,집합,3층,5
경기,파주시청,집합,4층,4.6
경기,파주시청,집합,5층,4.9
경기,파주시청,집합,6층이상,5.3
경기,파주운정신도시,집합,1층,35
경기,파주운정신도시,집합,2층,12.2
경기,파주운정신도시,집합,3층,9
경기,파주운정신도시,집합,4층,7.8
경기,파주운정신도시,집합,5층,7.7
경기,파주운정신도시,집합,6층이상,6.7
경기,팔달문로터리,집합,지하1층,4.3
경기,팔달문로터리,집합,1층,25
경기,팔달문로터리,집합,2층,11.4
경기,팔달문로터리,집합,3층,9
경기,팔달문로터리,집합,4층,9
경기,팔달문로터리,집합,5층,6.2
경기,팔달문로터리,집합,6층이상,5.9
경기,평촌범계,집합,지하1층,11.1
경기,평촌범계,집합,1층,70.1
경기,평촌범계,집합,2층,25.1
경기,평촌범계,집합,3층,19.4
경기,평촌범계,집합,4층,14.6
경기,평촌범계,집합,5층,12.5
경기,평촌범계,집합,6층이상,6.5
경기,평택역,집합,지하1층,4.6
경기,평택역,집합,1층,24.4
경기,평택역,집합,2층,8.2
경기,평택역,집합,3층,6.8
경기,평택역,집합,4층,7.2
경기,평택역,집합,5층,12.7
경기,평택역,집합,6층이상,10.5
경기,한대앞역,집합,지하1층,6.6
경기,한대앞역,집합,1층,25.6
경기,한대앞역,집합,2층,7.1
경기,한대앞역,집합,3층,5.5
경기,한대앞역,집합,4층,5
경기,한대앞역,집합,5층,5.2
경기,한대앞역,집합,6층이상,5.1
경기,행신역,집합,지하1층,3.4
경기,행신역,집합,1층,19.5
경기,행신역,집합,2층,7.8
경기,행신역,집합,3층,6.3
경기,행신역,집합,4층,7
경기,행신역,집합,5층,6.7
경기,행신역,집합,6층이상,6.3
경기,화정역,집합,지하1층,4
경기,화정역,집합,1층,40.8
경기,화정역,집합,2층,9.4
경기,화정역,집합,3층,6.5
경기,화정역,집합,4층,5.8
경기,화정역,집합,5층,5.5
경기,화정역,집합,6층이상,5.4
강원,강릉중부,집합,지하1층,2.6
강원,강릉중부,집합,1층,13.5
강원,강릉중부,집합,2층,6.4
강원,강릉중부,집합,3층,5.8
강원,강릉중부,집합,4층,5.9
강원,강릉중부,집합,5층,5.6
강원,강릉중부,집합,6층이상,8.1
강원,동해천곡,집합,지하1층,4.9
강원,동해천곡,집합,1층,25.3
강원,동해천곡,집합,2층,8.6
강원,동해천곡,집합,3층,6
강원,동해천곡,집합,4층,5.6
강원,동해천곡,집합,5층,4.8
강원,동해천곡,집합,6층이상,2.8
강원,삼척중앙시장,집합,지하1층,3.5
강원,삼척중앙시장,집합,1층,15.8
강원,삼척중앙시장,집합,2층,6.3
강원,삼척중앙시장,집합,3층,5.5
강원,삼척중앙시장,집합,4층,5.5
강원,삼척중앙시장,집합,5층,3.9
강원,삼척중앙시장,집합,6층이상,3.8
강원,속초중앙시장,집합,지하1층,6.4
강원,속초중앙시장,집합,1층,16.7
강원,속초중앙시장,집합,2층,6.7
강원,속초중앙시장,집합,3층,7.6
강원,속초중앙시장,집합,4층,7.1
강원,속초중앙시장,집합,5층,7.2
강원,속초중앙시장,집합,6층이상,7.1
강원,영월경찰서,집합,지하1층,1.6
강원,영월경찰서,집합,1층,9.5
강원,영월경찰서,집합,2층,4.2
강원,영월경찰서,집합,3층,2.9
강원,원주무실지구,집합,1층,20.2
강원,원주무실지구,집합,2층,7.3
강원,원주무실지구,집합,3층,6.2
강원,원주무실지구,집합,4층,5.3
강원,원주무실지구,집합,5층,5.2
강원,원주무실지구,집합,6층이상,4.7
강원,원주중앙/일산,집합,지하1층,4.2
강원,원주중앙/일산,집합,1층,37.9
강원,원주중앙/일산,집합,2층,12.9
강원,원주중앙/일산,집합,3층,9.9
강원,원주중앙/일산,집합,4층,10.9
강원,원주중앙/일산,집합,5층,9.2
강원,원주중앙/일산,집합,6층이상,7.8
강원,원주혁신도시,집합,1층,17.8
강원,원주혁신도시,집합,2층,8.4
강원,원주혁신도시,집합,3층,6.9
강원,원주혁신도시,집합,4층,7.2
강원,원주혁신도시,집합,5층,7.1
강원,원주혁신도시,집합,6층이상,7.2
강원,춘천명동,집합,1층,22.8
강원,춘천명동,집합,2층,7.7
강원,춘천명동,집합,3층,7.4
강원,춘천명동,집합,4층,9.1
강원,춘천명동,집합,5층,9.1
강원,춘천명동,집합,6층이상,13.9
강원,태백중앙시장,집합,지하1층,3.9
강원,태백중앙시장,집합,1층,18.8
강원,태백중앙시장,집합,2층,9.6
강원,태백중앙시장,집합,3층,7.9
강원,태백중앙시장,집합,4층,8
강원,태백중앙시장,집합,5층,8.7
충북,오창호수공원,집합,지하1층,5.1
충북,오창호수공원,집합,1층,10.2
충북,오창호수공원,집합,2층,4.3
충북,오창호수공원,집합,3층,4.5
충북,오창호수공원,집합,4층,4
충북,오창호수공원,집합,5층,4.2
충북,오창호수공원,집합,6층이상,3.7
충북,용담동우체국,집합,지하1층,6.6
충북,용담동우체국,집합,1층,19.8
충북,용담동우체국,집합,2층,8
충북,용담동우체국,집합,3층,6.3
충북,용담동우체국,집합,4층,5.5
충북,용담동우체국,집합,5층,4.7
충북,용담동우체국,집합,6층이상,4.7
충북,제천역,집합,1층,5.3
충북,제천역,집합,2층,1.3
충북,제천중앙,집합,지하1층,3.9
충북,제천중앙,집합,1층,14.2
충북,제천중앙,집합,2층,8.7
충북,제천중앙,집합,3층,5
충북,제천중앙,집합,4층,9.7
충북,제천중앙,집합,5층,9.8
충북,제천중앙,집합,6층이상,7.8
충북,청주고속버스터미널,집합,1층,23.3
충북,청주고속버스터미널,집합,2층,9.3
충북,청주고속버스터미널,집합,3층,8.7
충북,청주고속버스터미널,집합,4층,8
충북,청주고속버스터미널,집합,5층,7.8
충북,청주고속버스터미널,집합,6층이상,7.4
충북,청주지방법원,집합,1층,20.2
충북,청주지방법원,집합,2층,8.7
충북,청주지방법원,집합,3층,7.1
충북,청주지방법원,집합,4층,6.3
충북,청주지방법원,집합,5층,5.7
충북,청주지방법원,집합,6층이상,4.9
충북,충북혁신도시,집합,1층,17.4
충북,충북혁신도시,집합,2층,6.2
충북,충북혁신도시,집합,3층,5.9
충북,충북혁신도시,집합,4층,6.5
충북,충북혁신도시,집합,5층,6.5
충북,충주연수칠금,집합,지하1층,4.2
충북,충주연수칠금,집합,1층,15.3
충북,충주연수칠금,집합,2층,6.5
충북,충주연수칠금,집합,3층,3.7
충북,충주자유시장,집합,지하1층,2.3
충북,충주자유시장,집합,1층,16.1
충북,충주자유시장,집합,2층,4.8
충북,충주자유시장,집합,3층,3.9
충북,충주자유시장,집합,4층,2.7
충북,충주자유시장,집합,5층,2.8
충북,충주자유시장,집합,6층이상,2.5
충남,금산인삼국제시장,집합,지하1층,2.5
충남,금산인삼국제시장,집합,1층,12.4
충남,금산인삼국제시장,집합,2층,3.1
충남,금산인삼국제시장,집합,3층,3.9
충남,논산시외버스터미널,집합,1층,10.2
충남,논산시외버스터미널,집합,2층,7.6
충남,논산시외버스터미널,집합,3층,5.5
충남,당진시청,집합,지하1층,3.8
충남,당진시청,집합,1층,22.4
충남,당진시청,집합,2층,11.1
충남,당진시청,집합,3층,7.6
충남,당진시청,집합,4층,6
충남,당진시청,집합,5층,4.4
충남,당진시청,집합,6층이상,4.6
충남,두정,집합,지하1층,4.8
충남,두정,집합,1층,16.3
충남,두정,집합,2층,6.4
충남,두정,집합,3층,5.8
충남,두정,집합,4층,5.6
충남,두정,집합,5층,5.2
충남,두정,집합,6층이상,4.9
충남,백석,집합,지하1층,2
충남,백석,집합,1층,8.2
충남,백석,집합,2층,4.2
충남,백석,집합,3층,3.9
충남,백석,집합,4층,3.7
충남,백석,집합,5층,3.5
충남,백석,집합,6층이상,3.8
충남,서산터미널,집합,지하1층,3.6
충남,서산터미널,집합,1층,10.1
충남,서산터미널,집합,2층,8.4
충남,서산터미널,집합,3층,5.7
충남,서산터미널,집합,4층,4.5
충남,서산터미널,집합,5층,6
충남,서산터미널,집합,6층이상,7.4
충남,아산온양,집합,1층,17.7
충남,아산온양,집합,2층,10
충남,아산온양,집합,3층,9.8
충남,아산온양,집합,4층,11.2
충남,아산온양,집합,5층,7.8
충남,아산온양,집합,6층이상,6.2
충남,천안시청,집합,1층,19.9
충남,천안시청,집합,2층,7.1
충남,천안시청,집합,3층,6.6
충남,천안시청,집합,4층,6.1
충남,천안시청,집합,5층,5.5
충남,천안시청,집합,6층이상,5.7
충남,천안역,집합,1층,8.6
충남,천안역,집합,2층,5.4
충남,천안역,집합,3층,4.4
충남,천안종합버스터미널,집합,지하1층,25.4
충남,천안종합버스터미널,집합,1층,53.8
충남,천안종합버스터미널,집합,2층,33.8
충남,천안종합버스터미널,집합,3층,27.5
충남,천안종합버스터미널,집합,4층,22
충남,천안종합버스터미널,집합,5층,20.8
충남,천안종합버스터미널,집합,6층이상,6.3
충남,태안터미널,집합,1층,14.1
충남,태안터미널,집합,2층,6.1
충남,태안터미널,집합,3층,4.4
충남,태안터미널,집합,4층,3.5
전북,군산구도심,집합,1층,19.4
전북,군산구도심,집합,2층,7.2
전북,군산구도심,집합,3층,6
전북,군산구도심,집합,4층,5.5
전북,군산구도심,집합,5층,4.5
전북,군산구도심,집합,6층이상,2.3
전북,익산역,집합,1층,6.1
전북,익산역,집합,2층,1.4
전북,전북혁신도시,집합,1층,18
전북,전북혁신도시,집합,2층,7.4
전북,전북혁신도시,집합,3층,7
전북,전북혁신도시,집합,4층,5.9
전북,전북혁신도시,집합,5층,5.8
전북,전북혁신도시,집합,6층이상,4.1
전북,전주동부,집합,지하1층,7.7
전북,전주동부,집합,1층,26.5
전북,전주동부,집합,2층,9.7
전북,전주동부,집합,3층,7.6
전북,전주동부,집합,4층,6.5
전북,전주동부,집합,5층,6.3
전북,전주동부,집합,6층이상,6.8
전북,전주서부,집합,1층,18.3
전북,전주서부,집합,2층,9.3
전북,전주서부,집합,3층,7.2
전북,전주서부,집합,4층,6.6
전북,전주서부,집합,5층,6.4
전북,전주서부,집합,6층이상,7.4
전북,전주서부신시가지,집합,1층,24.2
전북,전주서부신시가지,집합,2층,8.7
전북,전주서부신시가지,집합,3층,6.8
전북,전주서부신시가지,집합,4층,6.6
전북,전주서부신시가지,집합,5층,6
전북,전주서부신시가지,집합,6층이상,6.5
전남,광양중동,집합,지하1층,1.7
전남,광양중동,집합,1층,12
전남,광양중동,집합,2층,8.2
전남,광양중동,집합,3층,2.1
전남,광양중동,집합,4층,1.5
전남,광주전남혁신도시,집합,1층,11.2
전남,광주전남혁신도시,집합,2층,3.9
전남,광주전남혁신도시,집합,3층,3.3
전남,광주전남혁신도시,집합,4층,2.9
전남,광주전남혁신도시,집합,5층,2.9
전남,광주전남혁신도시,집합,6층이상,2.4
전남,순천원도심,집합,지하1층,3.5
전남,순천원도심,집합,1층,11.7
전남,순천원도심,집합,2층,5.3
전남,순천원도심,집합,3층,3.6
전남,순천원도심,집합,4층,3.3
전남,여수학동,집합,지하1층,4
전남,여수학동,집합,1층,19
전남,여수학동,집합,2층,8.3
전남,여수학동,집합,3층,5.4
전남,여수학동,집합,4층,4
전남,전남도청,집합,1층,21.5
전남,전남도청,집합,2층,9.6
전남,전남도청,집합,3층,6.2
전남,전남도청,집합,4층,5.2
전남,전남도청,집합,5층,5
전남,전남도청,집합,6층이상,5.6
전남,조례,집합,1층,25.6
전남,조례,집합,2층,10.5
전남,조례,집합,3층,4.1
전남,조례,집합,4층,5.1
전남,하당신도심,집합,1층,9.2
경북,경북김천혁신도시,집합,1층,13.7
경북,경북김천혁신도시,집합,2층,8.1
경북,경북김천혁신도시,집합,3층,7.2
경북,경북김천혁신도시,집합,4층,5.9
경북,경북김천혁신도시,집합,5층,4.7
경북,경북도청신도시,집합,1층,14
경북,경북도청신도시,집합,2층,5.8
경북,경북도청신도시,집합,3층,5.1
경북,경북도청신도시,집합,4층,4.2
경북,경북도청신도시,집합,5층,4
경북,경북도청신도시,집합,6층이상,3.6
경북,구미산업단지,집합,지하1층,5.7
경북,구미산업단지,집합,1층,21.6
경북,구미산업단지,집합,2층,6.9
경북,구미산업단지,집합,3층,6.7
경북,구미산업단지,집합,4층,6.6
경북,구미산업단지,집합,5층,5.8
경북,구미산업단지,집합,6층이상,6
경북,구미역,집합,지하1층,4.2
경북,구미역,집합,1층,22.5
경북,구미역,집합,2층,7.6
경북,구미역,집합,3층,6.2
경북,구미역,집합,4층,4.5
경북,구미역,집합,5층,4
경북,구미역,집합,6층이상,7
경북,문경점촌흥덕,집합,지하1층,5.1
경북,문경점촌흥덕,집합,1층,15.1
경북,문경점촌흥덕,집합,2층,6.6
경북,문경점촌흥덕,집합,3층,3.9
경북,안동구도심,집합,지하1층,2
경북,안동구도심,집합,1층,14.2
경북,안동구도심,집합,2층,4.4
경북,안동구도심,집합,3층,4.5
경북,안동구도심,집합,4층,3.1
경북,안동구도심,집합,5층,2.9
경북,영주중앙,집합,1층,7
경북,영주중앙,집합,2층,3.2
경북,영주중앙,집합,3층,3
경북,영주중앙,집합,4층,2.1
경북,옥동사거리,집합,지하1층,3.1
경북,옥동사거리,집합,1층,14.4
경북,옥동사거리,집합,2층,6.5
경북,옥동사거리,집합,3층,3.9
경북,옥동사거리,집합,4층,3.9
경북,포항도심,집합,지하1층,4.3
경북,포항도심,집합,1층,14.4
경북,포항도심,집합,2층,4.6
경남,거제고현,집합,지하1층,5.7
경남,거제고현,집합,1층,27.3
경남,거제고현,집합,2층,12
경남,거제고현,집합,3층,9.7
경남,거제고현,집합,4층,10.2
경남,거제고현,집합,5층,10.1
경남,거제고현,집합,6층이상,7.6
경남,거제옥포,집합,지하1층,2.7
경남,거제옥포,집합,1층,13.4
경남,거제옥포,집합,2층,9.3
경남,거제옥포,집합,3층,4.4
경남,거제옥포,집합,4층,3.7
경남,거제옥포,집합,5층,4.6
경남,거제옥포,집합,6층이상,4.6
경남,김해수리공원,집합,1층,28.7
경남,김해수리공원,집합,2층,6.9
경남,김해수리공원,집합,3층,5.4
경남,김해수리공원,집합,4층,4.7
경남,김해수리공원,집합,5층,4.7
경남,김해수리공원,집합,6층이상,4.4
경남,김해시 내외동,집합,1층,30.6
경남,김해시 내외동,집합,2층,6.3
경남,김해시 내외동,집합,3층,4.6
경남,김해시 내외동,집합,4층,3.9
경남,김해시 내외동,집합,5층,3.6
경남,김해시 내외동,집합,6층이상,3.3
경남,김해시청/동상시장,집합,1층,12.6
경남,김해시청/동상시장,집합,2층,8
경남,김해시청/동상시장,집합,3층,8.5
경남,김해시청/동상시장,집합,4층,7.3
경남,김해시청/동상시장,집합,5층,7.2
경남,김해시청/동상시장,집합,6층이상,5
경남,김해장유,집합,1층,14.6
경남,김해장유,집합,2층,3.9
경남,김해장유,집합,3층,3.6
경남,김해장유,집합,4층,3.6
경남,김해장유,집합,5층,3.4
경남,김해장유,집합,6층이상,3.4
경남,마산동서동,집합,지하1층,3.7
경남,마산동서동,집합,1층,11.3
경남,마산동서동,집합,2층,4.7
경남,마산동서동,집합,3층,3.2
경남,마산동서동,집합,4층,2.9
경남,마산동서동,집합,5층,2.8
경남,마산동서동,집합,6층이상,2.7
경남,마산역버스터미널,집합,지하1층,3.2
경남,마산역버스터미널,집합,1층,12.8
경남,마산역버스터미널,집합,2층,10.4
경남,마산역버스터미널,집합,3층,7
경남,마산역버스터미널,집합,4층,6.1
경남,마산역버스터미널,집합,5층,4.7
경남,마산역버스터미널,집합,6층이상,4.6
경남,물금지구,집합,1층,17.4
경남,물금지구,집합,2층,6.1
경남,물금지구,집합,3층,5.4
경남,물금지구,집합,4층,4.9
경남,물금지구,집합,5층,4.8
경남,물금지구,집합,6층이상,8.8
경남,양산구도심,집합,1층,10.3
경남,양산구도심,집합,2층,5.1
경남,양산구도심,집합,3층,5.4
경남,양산구도심,집합,4층,5.5
경남,양산구도심,집합,5층,5.8
경남,양산역,집합,지하1층,5.1
경남,양산역,집합,1층,21.3
경남,양산역,집합,2층,9.1
경남,양산역,집합,3층,7.5
경남,양산역,집합,4층,6.5
경남,양산역,집합,5층,6.3
경남,양산역,집합,6층이상,6.3
경남,진주혁신도시,집합,1층,21.3
경남,진주혁신도시,집합,2층,8.5
경남,진주혁신도시,집합,3층,7.6
경남,진주혁신도시,집합,4층,7.2
경남,진주혁신도시,집합,5층,7.1
경남,진해석동,집합,지하1층,2.7
경남,진해석동,집합,1층,16
경남,진해석동,집합,2층,5.2
경남,진해석동,집합,3층,4.2
경남,진해석동,집합,4층,4.5
경남,진해석동,집합,5층,4.1
경남,진해석동,집합,6층이상,6.1
경남,창원명곡동,집합,지하1층,3.8
경남,창원명곡동,집합,1층,14.8
경남,창원명곡동,집합,2층,7.1
경남,창원명곡동,집합,3층,4.9
경남,창원명곡동,집합,4층,3.7
경남,창원명곡동,집합,5층,3.5
경남,창원명곡동,집합,6층이상,3
경남,창원시청,집합,지하1층,3.1
경남,창원시청,집합,1층,22
경남,창원시청,집합,2층,11.6
경남,창원시청,집합,3층,7.8
경남,창원시청,집합,4층,7.6
경남,창원시청,집합,5층,7.7
경남,창원시청,집합,6층이상,8.5
경남,창원역,집합,지하1층,5.4
경남,창원역,집합,1층,13.5
경남,창원역,집합,2층,5.9
경남,창원역,집합,3층,4.6
경남,창원역,집합,4층,4.1
경남,창원역,집합,5층,4.9
경남,창원역,집합,6층이상,4.4
경남,창원월영동,집합,지하1층,4.6
경남,창원월영동,집합,1층,32.4
경남,창원월영동,집합,2층,12.9
경남,창원월영동,집합,3층,7.8
경남,창원월영동,집합,4층,6.3
경남,창원월영동,집합,5층,5.3
경남,창원월영동,집합,6층이상,5
경남,창원의창구청,집합,지하1층,1.7
경남,창원의창구청,집합,1층,8.8
경남,창원의창구청,집합,2층,3.4
경남,창원의창구청,집합,3층,3
경남,창원의창구청,집합,4층,2.8
경남,활천동,집합,1층,10.5
경남,활천동,집합,2층,4.8
제주,광양사거리,집합,지하1층,6.3
제주,광양사거리,집합,1층,12.3
제주,광양사거리,집합,2층,7.5
제주,광양사거리,집합,3층,6.3
제주,광양사거리,집합,4층,5.2
제주,광양사거리,집합,5층,5.3
제주,광양사거리,집합,6층이상,7.3
제주,노형오거리,집합,지하1층,5.2
제주,노형오거리,집합,1층,18.6
제주,노형오거리,집합,2층,9.5
제주,노형오거리,집합,3층,9.9
제주,노형오거리,집합,4층,9.4
제주,노형오거리,집합,5층,9.4
제주,노형오거리,집합,6층이상,12.3
